id,language_label_as_reported,html_lang_as_reported,title_as_reported,kind_suggestion,has_lyrics_at_source,year_mentions_in_heading,source_submission_date,review_status,rights_status,source_url,canonical_version_ids
aws-2003-original,French,fr,L'Internationale,original,True,1871; 1888,2005-06-08,linked-needs-collation,unassessed,https://www.antiwarsongs.org/canzone.php?id=2003&lang=en#lyrics_song,fr-pottier-1908
aws-2003-agg1926,Italian,it,Traduzione letterale italiana dell'originale francese (Versione definitiva),literal-translation-candidate,True,2000,2005-06-08,unreviewed-discovery,unassessed,https://www.antiwarsongs.org/canzone.php?id=2003&lang=en#agg1926,
aws-2003-agg3012,English,en,Traduzione inglese letterale dell'originale francese (Versione definitiva),literal-translation-candidate,True,,2005-11-03,unreviewed-discovery,unassessed,https://www.antiwarsongs.org/canzone.php?id=2003&lang=en#agg3012,
aws-2003-agg3879,German,de,Traduzione letterale tedesca dell'originale francese (Versione definitiva),literal-translation-candidate,True,,2006-03-10,unreviewed-discovery,unassessed,https://www.antiwarsongs.org/canzone.php?id=2003&lang=en#agg3879,
aws-2003-agg290397,Korean,ko,Traduzione letterale coreana dell'originale francese (Versione definitiva),literal-translation-candidate,True,,2025-03-15,unreviewed-discovery,unassessed,https://www.antiwarsongs.org/canzone.php?id=2003&lang=en#agg290397,
aws-2003-agg2007,French,fr,FRANCESE / FRENCH 1,translation-candidate,True,1871,2005-06-09,unreviewed-discovery,unassessed,https://www.antiwarsongs.org/canzone.php?id=2003&lang=en#agg2007,
aws-2003-agg100143,Italian,it,Traduzione italiana della Prima versione originale,translation-candidate,True,2011,2011-05-05,unreviewed-discovery,unassessed,https://www.antiwarsongs.org/canzone.php?id=2003&lang=en#agg100143,
aws-2003-agg279068,English,en,Traduzione inglese della Prima versione originale,translation-candidate,True,,2021-10-13,unreviewed-discovery,unassessed,https://www.antiwarsongs.org/canzone.php?id=2003&lang=en#agg279068,
aws-2003-agg251372,French,fr,FRANCESE / FRENCH 2,translation-candidate,True,1968,2016-09-12,unreviewed-discovery,unassessed,https://www.antiwarsongs.org/canzone.php?id=2003&lang=en#agg251372,
aws-2003-agg2009,French,fr,FRANCESE / FRENCH 3,adaptation-candidate,True,1988,2005-06-09,unreviewed-discovery,unassessed,https://www.antiwarsongs.org/canzone.php?id=2003&lang=en#agg2009,
aws-2003-agg14046,French,fr,FRANCESE / FRENCH 4,adaptation-candidate,True,,2007-10-13,unreviewed-discovery,unassessed,https://www.antiwarsongs.org/canzone.php?id=2003&lang=en#agg14046,
aws-2003-agg2264,French,fr,FRANCESE / FRENCH 5,adaptation-candidate,True,1897,2005-07-03,unreviewed-discovery,unassessed,https://www.antiwarsongs.org/canzone.php?id=2003&lang=en#agg2264,
aws-2003-agg2268,Italian,it,Traduzione italiana dell' Internazionale Anarchica,adaptation-candidate,True,2005,2005-07-04,unreviewed-discovery,unassessed,https://www.antiwarsongs.org/canzone.php?id=2003&lang=en#agg2268,
aws-2003-agg3106,French,fr,FRANCESE / FRENCH 6,adaptation-candidate,True,1921,2005-11-12,unreviewed-discovery,unassessed,https://www.antiwarsongs.org/canzone.php?id=2003&lang=en#agg3106,
aws-2003-agg3859,Italian,it,Traduzione italiana dell'Internationale Anticléricale.,translation-candidate,True,2006,2006-03-07,unreviewed-discovery,unassessed,https://www.antiwarsongs.org/canzone.php?id=2003&lang=en#agg3859,
aws-2003-agg242324,Italian,it,Versione Italiana de L'Anticléricale,translation-candidate,True,2015,2015-07-24,unreviewed-discovery,unassessed,https://www.antiwarsongs.org/canzone.php?id=2003&lang=en#agg242324,
aws-2003-agg3766,French,fr,FRANCESE / FRENCH 7,adaptation-candidate,True,2000,2006-02-12,unreviewed-discovery,unassessed,https://www.antiwarsongs.org/canzone.php?id=2003&lang=en#agg3766,
aws-2003-agg3865,Italian,it,Traduzione italiana dell' Internationale des Femmes,adaptation-candidate,True,2006,2006-03-08,unreviewed-discovery,unassessed,https://www.antiwarsongs.org/canzone.php?id=2003&lang=en#agg3865,
aws-2003-agg21844,French,fr,FRANCESE / FRENCH 8,translation-candidate,True,1991,2009-04-10,unreviewed-discovery,unassessed,https://www.antiwarsongs.org/canzone.php?id=2003&lang=en#agg21844,
aws-2003-agg292381,French,fr,FRANCESE / FRENCH 9,adaptation-candidate,True,1871,2025-10-28,unreviewed-discovery,unassessed,https://www.antiwarsongs.org/canzone.php?id=2003&lang=en#agg292381,
aws-2003-agg124606,,,LE LINGUE PRINCIPALI,supporting-material,False,,2013-01-03,unreviewed-discovery,unassessed,https://www.antiwarsongs.org/canzone.php?id=2003&lang=en#agg124606,
aws-2003-agg1927,Italian,it,ITALIANO / ITALIAN 1,translation-candidate,True,1901,2005-06-08,unreviewed-discovery,unassessed,https://www.antiwarsongs.org/canzone.php?id=2003&lang=en#agg1927,
aws-2003-agg1928,Italian,it,ITALIANO / ITALIAN 2,translation-candidate,True,1971,2005-06-08,unreviewed-discovery,unassessed,https://www.antiwarsongs.org/canzone.php?id=2003&lang=en#agg1928,
aws-2003-agg1929,Italian,it,ITALIANO / ITALIAN 3,translation-candidate,True,1971; 1974; 1994; 1997,2005-06-08,unreviewed-discovery,unassessed,https://www.antiwarsongs.org/canzone.php?id=2003&lang=en#agg1929,
aws-2003-agg104678,Italian,it,ITALIANO / ITALIAN 4,translation-candidate,True,1970,2011-08-31,unreviewed-discovery,unassessed,https://www.antiwarsongs.org/canzone.php?id=2003&lang=en#agg104678,
aws-2003-agg2102,Italian,it,ITALIANO / ITALIAN 5,translation-candidate,True,1946,2005-06-17,unreviewed-discovery,unassessed,https://www.antiwarsongs.org/canzone.php?id=2003&lang=en#agg2102,
aws-2003-agg3871,Italian,it,ITALIANO / ITALIAN 6,adaptation-candidate,True,2006,2006-03-08,unreviewed-discovery,unassessed,https://www.antiwarsongs.org/canzone.php?id=2003&lang=en#agg3871,
aws-2003-agg2013,,,ITALIANO / ITALIAN 7,supporting-material,False,1974; 1975,2005-06-09,unreviewed-discovery,unassessed,https://www.antiwarsongs.org/canzone.php?id=2003&lang=en#agg2013,
aws-2003-agg128985,Italian,it,ITALIANO / ITALIAN 8,translation-candidate,True,1945,2013-04-04,unreviewed-discovery,unassessed,https://www.antiwarsongs.org/canzone.php?id=2003&lang=en#agg128985,
aws-2003-agg129050,Italian,it,ITALIANO / ITALIAN 9,translation-candidate,True,1971,2013-04-05,unreviewed-discovery,unassessed,https://www.antiwarsongs.org/canzone.php?id=2003&lang=en#agg129050,
aws-2003-agg249684,Italian,it,ITALIANO / ITALIAN 10,translation-candidate,True,2016,2016-06-15,unreviewed-discovery,unassessed,https://www.antiwarsongs.org/canzone.php?id=2003&lang=en#agg249684,
aws-2003-agg263524,Italian,it,ITALIAN / ITALIANO 11,translation-candidate,True,,2019-02-26,unreviewed-discovery,unassessed,https://www.antiwarsongs.org/canzone.php?id=2003&lang=en#agg263524,
aws-2003-agg279673,Italian,it,ITALIANO / ITALIAN 12,translation-candidate,True,2021,2021-12-13,unreviewed-discovery,unassessed,https://www.antiwarsongs.org/canzone.php?id=2003&lang=en#agg279673,
aws-2003-agg294525,Italian,it,ITALIANO / ITALIAN 13,adaptation-candidate,True,,2026-04-23,unreviewed-discovery,unassessed,https://www.antiwarsongs.org/canzone.php?id=2003&lang=en#agg294525,
aws-2003-agg1930,Russian,ru,RUSSO / RUSSIAN 1,translation-candidate,True,1902,2005-06-08,linked-needs-collation,unassessed,https://www.antiwarsongs.org/canzone.php?id=2003&lang=en#agg1930,ru-kots-1902
aws-2003-agg2246,Russian,ru,Restituzione del testo russo nella grafia in uso fino al 1918,transcription-candidate,True,1918,2005-06-30,unreviewed-discovery,unassessed,https://www.antiwarsongs.org/canzone.php?id=2003&lang=en#agg2246,
aws-2003-agg3857,English,en,Traduzione inglese del testo russo,translation-candidate,True,,2006-03-07,unreviewed-discovery,unassessed,https://www.antiwarsongs.org/canzone.php?id=2003&lang=en#agg3857,
aws-2003-agg231939,Russian,ru,RUSSO / RUSSIAN 2,translation-candidate,True,1931,2014-12-22,unreviewed-discovery,unassessed,https://www.antiwarsongs.org/canzone.php?id=2003&lang=en#agg231939,
aws-2003-agg279103,English,en,Traduzione inglese della precedente versione russa,translation-candidate,True,,2021-10-15,unreviewed-discovery,unassessed,https://www.antiwarsongs.org/canzone.php?id=2003&lang=en#agg279103,
aws-2003-agg2065,Russian,ru,RUSSO / RUSSIAN 3,translation-candidate,True,1927,2005-06-12,unreviewed-discovery,unassessed,https://www.antiwarsongs.org/canzone.php?id=2003&lang=en#agg2065,
aws-2003-agg2245,Russian,ru,RUSSO / RUSSIAN 4,translation-candidate,True,1924,2005-06-30,unreviewed-discovery,unassessed,https://www.antiwarsongs.org/canzone.php?id=2003&lang=en#agg2245,
aws-2003-agg250198,Russian,ru,RUSSO / RUSSIAN 5,adaptation-candidate,True,,2016-07-23,unreviewed-discovery,unassessed,https://www.antiwarsongs.org/canzone.php?id=2003&lang=en#agg250198,
aws-2003-agg1932,English,en,INGLESE / ENGLISH 1,translation-candidate,True,1875,2005-06-08,unreviewed-discovery,unassessed,https://www.antiwarsongs.org/canzone.php?id=2003&lang=en#agg1932,
aws-2003-agg1933,English,en,INGLESE / ENGLISH 2,translation-candidate,True,1898,2005-06-08,unreviewed-discovery,unassessed,https://www.antiwarsongs.org/canzone.php?id=2003&lang=en#agg1933,
aws-2003-agg1934,English,en,INGLESE / ENGLISH 3,translation-candidate,True,,2005-06-08,unreviewed-discovery,unassessed,https://www.antiwarsongs.org/canzone.php?id=2003&lang=en#agg1934,
aws-2003-agg1935,English,en,INGLESE / ENGLISH 4,translation-candidate,True,,2005-06-08,unreviewed-discovery,unassessed,https://www.antiwarsongs.org/canzone.php?id=2003&lang=en#agg1935,
aws-2003-agg1936,English,en,INGLESE / ENGLISH 5,translation-candidate,True,1983; 1990,2005-06-08,unreviewed-discovery,unassessed,https://www.antiwarsongs.org/canzone.php?id=2003&lang=en#agg1936,
aws-2003-agg259337,Italian,it,Traduzione italiana dell'Internazionale di Billy Bragg,translation-candidate,True,,2018-04-27,unreviewed-discovery,unassessed,https://www.antiwarsongs.org/canzone.php?id=2003&lang=en#agg259337,
aws-2003-agg259339,English,en,INGLESE / ENGLISH 6,translation-candidate,True,2005,2018-04-27,unreviewed-discovery,unassessed,https://www.antiwarsongs.org/canzone.php?id=2003&lang=en#agg259339,
aws-2003-agg261246,English,en,INGLESE / ENGLISH 7,translation-candidate,True,,2018-09-12,unreviewed-discovery,unassessed,https://www.antiwarsongs.org/canzone.php?id=2003&lang=en#agg261246,
aws-2003-agg264529,English,en,INGLESE / ENGLISH 8,translation-candidate,True,1911,2019-04-27,unreviewed-discovery,unassessed,https://www.antiwarsongs.org/canzone.php?id=2003&lang=en#agg264529,
aws-2003-agg266019,English,en,INGLESE / ENGLISH 9,translation-candidate,True,,2019-09-13,unreviewed-discovery,unassessed,https://www.antiwarsongs.org/canzone.php?id=2003&lang=en#agg266019,
aws-2003-agg279134,English,en,INGLESE / ENGLISH 10,translation-candidate,True,1979; 1983,2021-10-20,unreviewed-discovery,unassessed,https://www.antiwarsongs.org/canzone.php?id=2003&lang=en#agg279134,
aws-2003-agg277003,English,en,INGLESE / ENGLISH 11,translation-candidate,True,,2021-03-02,unreviewed-discovery,unassessed,https://www.antiwarsongs.org/canzone.php?id=2003&lang=en#agg277003,
aws-2003-agg1937,German,de,TEDESCO / GERMAN 1,translation-candidate,True,1906,2005-06-08,linked-needs-collation,unassessed,https://www.antiwarsongs.org/canzone.php?id=2003&lang=en#agg1937,de-luckhardt-freies-lied-ca1925
aws-2003-agg3931,German,de,TEDESCO / GERMAN 2,translation-candidate,True,1908,2006-03-18,unreviewed-discovery,unassessed,https://www.antiwarsongs.org/canzone.php?id=2003&lang=en#agg3931,
aws-2003-agg2185,German,de,TEDESCO / GERMAN 3,translation-candidate,True,1900,2005-06-26,unreviewed-discovery,unassessed,https://www.antiwarsongs.org/canzone.php?id=2003&lang=en#agg2185,
aws-2003-agg276993,German,de,TEDESCO / GERMAN 4,translation-candidate,True,1902,2021-03-01,unreviewed-discovery,unassessed,https://www.antiwarsongs.org/canzone.php?id=2003&lang=en#agg276993,
aws-2003-agg4424,German,de,TEDESCO / GERMAN 5,translation-candidate,True,1919,2006-05-19,unreviewed-discovery,unassessed,https://www.antiwarsongs.org/canzone.php?id=2003&lang=en#agg4424,
aws-2003-agg124587,German,de,TEDESCO / GERMAN 6,translation-candidate,True,1921,2013-01-02,unreviewed-discovery,unassessed,https://www.antiwarsongs.org/canzone.php?id=2003&lang=en#agg124587,
aws-2003-agg5136,German,de,TEDESCO / GERMAN 7,adaptation-candidate,True,1925,2006-08-07,unreviewed-discovery,unassessed,https://www.antiwarsongs.org/canzone.php?id=2003&lang=en#agg5136,
aws-2003-agg2034,German,de,TEDESCO / GERMAN 8,translation-candidate,True,1937,2005-06-10,unreviewed-discovery,unassessed,https://www.antiwarsongs.org/canzone.php?id=2003&lang=en#agg2034,
aws-2003-agg2998,German,de,TEDESCO / GERMAN 9,adaptation-candidate,True,1980,2005-11-03,unreviewed-discovery,unassessed,https://www.antiwarsongs.org/canzone.php?id=2003&lang=en#agg2998,
aws-2003-agg2999,German,de,TEDESCO / GERMAN 10,adaptation-candidate,True,1987,2005-11-03,unreviewed-discovery,unassessed,https://www.antiwarsongs.org/canzone.php?id=2003&lang=en#agg2999,
aws-2003-agg292373,German,de,TEDESCO / GERMAN 11,translation-candidate,True,1930,2025-10-27,unreviewed-discovery,unassessed,https://www.antiwarsongs.org/canzone.php?id=2003&lang=en#agg292373,
aws-2003-agg1938,Spanish,es,SPAGNOLO / SPANISH 1,translation-candidate,True,1899,2005-06-08,unreviewed-discovery,unassessed,https://www.antiwarsongs.org/canzone.php?id=2003&lang=en#agg1938,
aws-2003-agg1939,Spanish,es,SPAGNOLO / SPANISH 2,translation-candidate,True,,2005-06-08,unreviewed-discovery,unassessed,https://www.antiwarsongs.org/canzone.php?id=2003&lang=en#agg1939,
aws-2003-agg1941,Spanish,es,SPAGNOLO / SPANISH 3,translation-candidate,True,,2005-06-08,unreviewed-discovery,unassessed,https://www.antiwarsongs.org/canzone.php?id=2003&lang=en#agg1941,
aws-2003-agg1940,Spanish,es,SPAGNOLO / SPANISH 4,adaptation-candidate,True,,2005-06-08,unreviewed-discovery,unassessed,https://www.antiwarsongs.org/canzone.php?id=2003&lang=en#agg1940,
aws-2003-agg108192,Spanish,es,SPAGNOLO / SPANISH 5,translation-candidate,True,1995,2011-12-22,unreviewed-discovery,unassessed,https://www.antiwarsongs.org/canzone.php?id=2003&lang=en#agg108192,
aws-2003-agg259348,Spanish,es,SPAGNOLO / SPANISH 6,translation-candidate,True,,2018-04-27,unreviewed-discovery,unassessed,https://www.antiwarsongs.org/canzone.php?id=2003&lang=en#agg259348,
aws-2003-agg259349,Spanish,es,SPAGNOLO / SPANISH 7,translation-candidate,True,1917,2018-04-27,unreviewed-discovery,unassessed,https://www.antiwarsongs.org/canzone.php?id=2003&lang=en#agg259349,
aws-2003-agg278324,Spanish,es,SPAGNOLO / SPANISH 8,translation-candidate,True,2021,2021-07-03,unreviewed-discovery,unassessed,https://www.antiwarsongs.org/canzone.php?id=2003&lang=en#agg278324,
aws-2003-agg283997,Spanish,es,SPAGNOLO / SPANISH 9,translation-candidate,True,2022,2023-01-17,unreviewed-discovery,unassessed,https://www.antiwarsongs.org/canzone.php?id=2003&lang=en#agg283997,
aws-2003-agg2012,Chinese,zh,CINESE / CHINESE 1,translation-candidate,True,1923,2005-06-09,linked-needs-collation,unassessed,https://www.antiwarsongs.org/canzone.php?id=2003&lang=en#agg2012,zh-qu-1923
aws-2003-agg16322,Chinese,zh,CINESE / CHINESE 2,translation-candidate,True,1926,2008-05-20,unreviewed-discovery,unassessed,https://www.antiwarsongs.org/canzone.php?id=2003&lang=en#agg16322,
aws-2003-agg3875,Chinese,zh,CINESE / CHINESE 3,translation-candidate,True,1957,2006-03-09,unreviewed-discovery,unassessed,https://www.antiwarsongs.org/canzone.php?id=2003&lang=en#agg3875,
aws-2003-agg278892,Italian,mul,VERSIONE MULTILINGUE (Italiano / Spagnolo / Inglese / Tedesco / Francese) – Banda POPolare dell’Emilia Rossa,translation-candidate,True,2020,2021-09-26,unreviewed-discovery,unassessed,https://www.antiwarsongs.org/canzone.php?id=2003&lang=en#agg278892,
aws-2003-agg294773,Italian,mul,Le versioni della Banda Bassotti,translation-candidate,True,,2026-05-19,unreviewed-discovery,unassessed,https://www.antiwarsongs.org/canzone.php?id=2003&lang=en#agg294773,
aws-2003-agg124607,,,LE ALTRE LINGUE,supporting-material,False,,2013-01-03,unreviewed-discovery,unassessed,https://www.antiwarsongs.org/canzone.php?id=2003&lang=en#agg124607,
aws-2003-agg1984,,,AVVERTENZA,supporting-material,False,,2005-06-08,unreviewed-discovery,unassessed,https://www.antiwarsongs.org/canzone.php?id=2003&lang=en#agg1984,
aws-2003-agg1953,Afrikaans,af,AFRIKAANS / AFRIKAANS,translation-candidate,True,2009,2005-06-08,unreviewed-discovery,unassessed,https://www.antiwarsongs.org/canzone.php?id=2003&lang=en#agg1953,
aws-2003-agg278235,Ainu,ain,AINU / AINU,translation-candidate,True,,2021-06-18,unreviewed-discovery,unassessed,https://www.antiwarsongs.org/canzone.php?id=2003&lang=en#agg278235,
aws-2003-agg1954,Albanian,sq,ALBANESE / ALBANIAN 1,translation-candidate,True,1872; 1947,2005-06-08,unreviewed-discovery,unassessed,https://www.antiwarsongs.org/canzone.php?id=2003&lang=en#agg1954,
aws-2003-agg278301,Albanian,sq,ALBANESE / ALBANIAN 2,translation-candidate,True,1872; 1947,2021-06-29,unreviewed-discovery,unassessed,https://www.antiwarsongs.org/canzone.php?id=2003&lang=en#agg278301,
aws-2003-agg286309,Albanian,sq,ALBANESE / ALBANIAN 3,translation-candidate,True,1959,2023-10-28,unreviewed-discovery,unassessed,https://www.antiwarsongs.org/canzone.php?id=2003&lang=en#agg286309,
aws-2003-agg250029,Amharic,am,AMARICO / AMHARIC,translation-candidate,True,,2016-07-12,unreviewed-discovery,unassessed,https://www.antiwarsongs.org/canzone.php?id=2003&lang=en#agg250029,
aws-2003-agg1960,Arabic,ar,ARABO / ARABIC,translation-candidate,True,,2005-06-08,unreviewed-discovery,unassessed,https://www.antiwarsongs.org/canzone.php?id=2003&lang=en#agg1960,
aws-2003-agg251371,Arabic,ar,ARABO LIBANESE,translation-candidate,True,,2016-09-12,unreviewed-discovery,unassessed,https://www.antiwarsongs.org/canzone.php?id=2003&lang=en#agg251371,
aws-2003-agg1975,Armenian,hy,"ARMENO [Occidentale, o Armeno letterario] 1",translation-candidate,True,1940,2005-06-08,unreviewed-discovery,unassessed,https://www.antiwarsongs.org/canzone.php?id=2003&lang=en#agg1975,
aws-2003-agg3908,Armenian,hy,ARMENO / ARMENIAN 2,translation-candidate,True,1928,2006-03-16,unreviewed-discovery,unassessed,https://www.antiwarsongs.org/canzone.php?id=2003&lang=en#agg3908,
aws-2003-agg285976,Franco-Provençal,frp,ARPITANO [FRANCO-PROVENZALE VALDOSTANO],literal-translation-candidate,True,,2023-09-11,unreviewed-discovery,unassessed,https://www.antiwarsongs.org/canzone.php?id=2003&lang=en#agg285976,
aws-2003-agg280944,Assamese,as,ASSAMESE / ASSAMESE,translation-candidate,True,,2022-05-15,unreviewed-discovery,unassessed,https://www.antiwarsongs.org/canzone.php?id=2003&lang=en#agg280944,
aws-2003-agg1942,Asturian (Bable),ast,ASTURIANO / ASTURIAN 1,translation-candidate,True,2000,2005-06-08,unreviewed-discovery,unassessed,https://www.antiwarsongs.org/canzone.php?id=2003&lang=en#agg1942,
aws-2003-agg1943,Asturian (Bable),ast,ASTURIANO / ASTURIAN 2,translation-candidate,True,2000,2005-06-08,unreviewed-discovery,unassessed,https://www.antiwarsongs.org/canzone.php?id=2003&lang=en#agg1943,
aws-2003-agg120135,Asturian (Bable),ast,ASTURIANO / ASTURIAN 3,translation-candidate,True,1997,2012-10-08,unreviewed-discovery,unassessed,https://www.antiwarsongs.org/canzone.php?id=2003&lang=en#agg120135,
aws-2003-agg284224,Austronesian (Other),map,ATAYAL / ATAYAL,translation-candidate,True,,2023-02-19,unreviewed-discovery,unassessed,https://www.antiwarsongs.org/canzone.php?id=2003&lang=en#agg284224,
aws-2003-agg259322,Aymara,ay,AYMARÁ / AYMARA,translation-candidate,True,2014,2018-04-25,unreviewed-discovery,unassessed,https://www.antiwarsongs.org/canzone.php?id=2003&lang=en#agg259322,
aws-2003-agg250216,Azerbaijani,az,AZERO / AZERBAIJANI [AZERI],translation-candidate,True,,2016-07-24,unreviewed-discovery,unassessed,https://www.antiwarsongs.org/canzone.php?id=2003&lang=en#agg250216,
aws-2003-agg290609,Bashkir,ba,BASCHIRO / BASHKIR 1,translation-candidate,True,1954,2025-03-30,unreviewed-discovery,unassessed,https://www.antiwarsongs.org/canzone.php?id=2003&lang=en#agg290609,
aws-2003-agg290811,Bashkir,ba,BASCHIRO / BASHKIR 2,translation-candidate,True,,2025-04-17,unreviewed-discovery,unassessed,https://www.antiwarsongs.org/canzone.php?id=2003&lang=en#agg290811,
aws-2003-agg1968,Basque,eu,BASCO (EUSKARA) / BASQUE (EUSKARA) 1,translation-candidate,True,1971,2005-06-08,unreviewed-discovery,unassessed,https://www.antiwarsongs.org/canzone.php?id=2003&lang=en#agg1968,
aws-2003-agg107427,Basque,eu,BASCO (EUSKARA) / BASQUE (EUSKARA) 2,translation-candidate,True,1971,2011-11-26,unreviewed-discovery,unassessed,https://www.antiwarsongs.org/canzone.php?id=2003&lang=en#agg107427,
aws-2003-agg289098,Basque,eu,BASCO (EUSKARA) / BASQUE (EUSKARA) 3,translation-candidate,True,2014,2024-10-14,unreviewed-discovery,unassessed,https://www.antiwarsongs.org/canzone.php?id=2003&lang=en#agg289098,
aws-2003-agg287981,Italian,it,BASCO (EUSKARA) / BASQUE (EUSKARA) 4,translation-candidate,True,2024,2024-05-03,unreviewed-discovery,unassessed,https://www.antiwarsongs.org/canzone.php?id=2003&lang=en#agg287981,
aws-2003-agg22526,Low German,nds,BASSO TEDESCO (PLATTDEUTSCH) / LOW GERMAN (PLATTDEUTSCH) 1,translation-candidate,True,2009,2009-05-14,unreviewed-discovery,unassessed,https://www.antiwarsongs.org/canzone.php?id=2003&lang=en#agg22526,
aws-2003-agg94782,Low German,nds,BASSO TEDESCO / LOW GERMAN 2,translation-candidate,True,2009,2010-11-26,unreviewed-discovery,unassessed,https://www.antiwarsongs.org/canzone.php?id=2003&lang=en#agg94782,
aws-2003-agg290873,Italian,it,BATAK [Toba Batak],translation-candidate,True,,2025-04-25,unreviewed-discovery,unassessed,https://www.antiwarsongs.org/canzone.php?id=2003&lang=en#agg290873,
aws-2003-agg289127,Bengali,bn,BENGALESE / BENGALI 1,translation-candidate,True,1927,2024-10-16,unreviewed-discovery,unassessed,https://www.antiwarsongs.org/canzone.php?id=2003&lang=en#agg289127,
aws-2003-agg13483,Bengali,bn,BENGALESE / BENGALI 2,translation-candidate,True,1985,2007-08-19,unreviewed-discovery,unassessed,https://www.antiwarsongs.org/canzone.php?id=2003&lang=en#agg13483,
aws-2003-agg289097,Malay,ms,BETAWI [Malese Bataviano] / BETAWI [Batavian Malay],translation-candidate,True,,2024-10-13,unreviewed-discovery,unassessed,https://www.antiwarsongs.org/canzone.php?id=2003&lang=en#agg289097,
aws-2003-agg2077,Belarusian,be,BIELORUSSO / BELARUSIAN 1,translation-candidate,True,1921,2005-06-15,unreviewed-discovery,unassessed,https://www.antiwarsongs.org/canzone.php?id=2003&lang=en#agg2077,
aws-2003-agg278310,Belarusian,be,BIELORUSSO / BELARUSIAN 2,translation-candidate,True,1906; 1963,2021-06-30,unreviewed-discovery,unassessed,https://www.antiwarsongs.org/canzone.php?id=2003&lang=en#agg278310,
aws-2003-agg14537,Burmese,my,BIRMANO / BURMESE [1],translation-candidate,True,1943,2007-11-17,unreviewed-discovery,unassessed,https://www.antiwarsongs.org/canzone.php?id=2003&lang=en#agg14537,
aws-2003-agg13504,Burmese,my,BIRMANO / BURMESE,translation-candidate,True,,2007-08-22,unreviewed-discovery,unassessed,https://www.antiwarsongs.org/canzone.php?id=2003&lang=en#agg13504,
aws-2003-agg1967,Breton,br,BRETONE / BRETON 1,translation-candidate,True,1938,2005-06-08,unreviewed-discovery,unassessed,https://www.antiwarsongs.org/canzone.php?id=2003&lang=en#agg1967,
aws-2003-agg18765,Breton,br,BRETONE / BRETON [2],translation-candidate,True,1902,2008-10-21,unreviewed-discovery,unassessed,https://www.antiwarsongs.org/canzone.php?id=2003&lang=en#agg18765,
aws-2003-agg124469,Breton,br,BRETONE / BRETON 3,transcription-candidate,True,,2012-12-30,unreviewed-discovery,unassessed,https://www.antiwarsongs.org/canzone.php?id=2003&lang=en#agg124469,
aws-2003-agg18774,Breton,br,BRETONE / BRETON [4],translation-candidate,True,1936,2008-10-21,unreviewed-discovery,unassessed,https://www.antiwarsongs.org/canzone.php?id=2003&lang=en#agg18774,
aws-2003-agg1991,Italian,it,BRIANZOLO / BRIANZA LOMBARD,translation-candidate,True,2001,2005-06-08,unreviewed-discovery,unassessed,https://www.antiwarsongs.org/canzone.php?id=2003&lang=en#agg1991,
aws-2003-agg1993,Bulgarian,bg,BULGARO / BULGARIAN,translation-candidate,True,1897,2005-06-08,unreviewed-discovery,unassessed,https://www.antiwarsongs.org/canzone.php?id=2003&lang=en#agg1993,
aws-2003-agg296076,Kabyle,kab,CABILO / KABYLE,translation-candidate,True,1924; 1952; 2004,2026-09-29,unreviewed-discovery,unassessed,https://www.antiwarsongs.org/canzone.php?id=2003&lang=en#agg296076,
aws-2003-agg124534,Italian,it,CALABRESE / CALABRIAN,translation-candidate,True,2012,2012-12-31,unreviewed-discovery,unassessed,https://www.antiwarsongs.org/canzone.php?id=2003&lang=en#agg124534,
aws-2003-agg5122,Cantonese,yue,CANTONESE / CANTONESE 1,translation-candidate,True,,2006-08-04,unreviewed-discovery,unassessed,https://www.antiwarsongs.org/canzone.php?id=2003&lang=en#agg5122,
aws-2003-agg1982,Finnish,fi,CARELIANO [1] / KARELIAN [1],translation-candidate,True,,2005-06-08,unreviewed-discovery,unassessed,https://www.antiwarsongs.org/canzone.php?id=2003&lang=en#agg1982,
aws-2003-agg91116,Finnish,fi,CARELIANO [2] / KARELIAN [2],translation-candidate,True,,2010-06-22,unreviewed-discovery,unassessed,https://www.antiwarsongs.org/canzone.php?id=2003&lang=en#agg91116,
aws-2003-agg18400,Kashubian,csb,CASCIUBO / KASHUBIAN,translation-candidate,True,,2008-09-28,unreviewed-discovery,unassessed,https://www.antiwarsongs.org/canzone.php?id=2003&lang=en#agg18400,
aws-2003-agg1944,Catalan,ca,CATALANO [1] / CATALAN [1],translation-candidate,True,,2005-06-08,unreviewed-discovery,unassessed,https://www.antiwarsongs.org/canzone.php?id=2003&lang=en#agg1944,
aws-2003-agg2091,Catalan,ca,CATALANO [2] / CATALAN [2],translation-candidate,True,,2005-06-16,unreviewed-discovery,unassessed,https://www.antiwarsongs.org/canzone.php?id=2003&lang=en#agg2091,
aws-2003-agg2092,Catalan,ca,CATALANO [3] / CATALAN [3],translation-candidate,True,,2005-06-17,unreviewed-discovery,unassessed,https://www.antiwarsongs.org/canzone.php?id=2003&lang=en#agg2092,
aws-2003-agg1955,Czech,cs,CECO / CZECH,translation-candidate,True,1903,2005-06-08,unreviewed-discovery,unassessed,https://www.antiwarsongs.org/canzone.php?id=2003&lang=en#agg1955,
aws-2003-agg94415,Mari,chm,CEREMISSO DI ALTURA [HILL MARI] / HILL MARI (CHEREMIS),translation-candidate,True,,2010-11-15,unreviewed-discovery,unassessed,https://www.antiwarsongs.org/canzone.php?id=2003&lang=en#agg94415,
aws-2003-agg3427,Ukrainian,uk,CERNORUSSO [RUSSO o RUTENO NERO] / CHERNORUSSIAN or BLACK RUTHENIAN NOTA...,translation-candidate,True,,2005-12-28,unreviewed-discovery,unassessed,https://www.antiwarsongs.org/canzone.php?id=2003&lang=en#agg3427,
aws-2003-agg1990,Italian,it,CHIETINO (TEATINO) / CHIETI DIALECT (ITALIAN) [1],translation-candidate,True,,2005-06-08,unreviewed-discovery,unassessed,https://www.antiwarsongs.org/canzone.php?id=2003&lang=en#agg1990,
aws-2003-agg253952,Italian,it,CHIETINO (TEATINO) / CHIETI DIALECT (ITALIAN) [2],translation-candidate,True,,2017-03-06,unreviewed-discovery,unassessed,https://www.antiwarsongs.org/canzone.php?id=2003&lang=en#agg253952,
aws-2003-agg1963,Chinese,zh,CINESE (SEMPLIFICATO) [2] / (SIMPLIFIED) CHINESE [2],translation-candidate,True,,2005-06-08,unreviewed-discovery,unassessed,https://www.antiwarsongs.org/canzone.php?id=2003&lang=en#agg1963,
aws-2003-agg244713,Chinese,zh,CINESE CLASSICO (Wènyán) / CLASSICAL CHINESE (Wènyán),translation-candidate,True,,2015-12-02,unreviewed-discovery,unassessed,https://www.antiwarsongs.org/canzone.php?id=2003&lang=en#agg244713,
aws-2003-agg266079,Chinese,zh,CINESE ANTICO 1 [VII-II secolo a.C.],translation-candidate,True,,2019-09-19,unreviewed-discovery,unassessed,https://www.antiwarsongs.org/canzone.php?id=2003&lang=en#agg266079,
aws-2003-agg290877,Chinese,zh,CINESE ANTICO 2 [1° Millennio prima dell'Era Volgare],translation-candidate,True,,2025-04-26,unreviewed-discovery,unassessed,https://www.antiwarsongs.org/canzone.php?id=2003&lang=en#agg290877,
aws-2003-agg1965,Korean,ko,COREANO / KOREAN 1,translation-candidate,True,1920,2005-06-08,unreviewed-discovery,unassessed,https://www.antiwarsongs.org/canzone.php?id=2003&lang=en#agg1965,
aws-2003-agg295695,Korean,ko,COREANO / KOREAN 2,translation-candidate,True,1920,2026-08-31,unreviewed-discovery,unassessed,https://www.antiwarsongs.org/canzone.php?id=2003&lang=en#agg295695,
aws-2003-agg2010,Korean,ko,COREANO / KOREAN 3,translation-candidate,True,1984,2005-06-09,unreviewed-discovery,unassessed,https://www.antiwarsongs.org/canzone.php?id=2003&lang=en#agg2010,
aws-2003-agg295696,Korean,ko,COREANO / KOREAN 4,translation-candidate,True,1980,2026-08-31,unreviewed-discovery,unassessed,https://www.antiwarsongs.org/canzone.php?id=2003&lang=en#agg295696,
aws-2003-agg295694,Korean,ko,COREANO / KOREAN 5,translation-candidate,True,1989,2026-08-31,unreviewed-discovery,unassessed,https://www.antiwarsongs.org/canzone.php?id=2003&lang=en#agg295694,
aws-2003-agg2011,Korean,ko,COREANO / KOREAN 6,translation-candidate,True,1989,2005-06-09,unreviewed-discovery,unassessed,https://www.antiwarsongs.org/canzone.php?id=2003&lang=en#agg2011,
aws-2003-agg295703,Korean,ko,COREANO / KOREAN 7,translation-candidate,True,2024,2026-09-01,unreviewed-discovery,unassessed,https://www.antiwarsongs.org/canzone.php?id=2003&lang=en#agg295703,
aws-2003-agg278046,Korean,ko,COREANO / KOREAN 8,translation-candidate,True,1923; 1973,2021-05-14,unreviewed-discovery,unassessed,https://www.antiwarsongs.org/canzone.php?id=2003&lang=en#agg278046,
aws-2003-agg256670,Cornish,kw,CORNICO (CORNOVAGLIESE) / CORNISH,translation-candidate,True,,2017-10-01,unreviewed-discovery,unassessed,https://www.antiwarsongs.org/canzone.php?id=2003&lang=en#agg256670,
aws-2003-agg205178,Italian,it,CORSO / CORSICAN,translation-candidate,True,,2014-01-09,unreviewed-discovery,unassessed,https://www.antiwarsongs.org/canzone.php?id=2003&lang=en#agg205178,
aws-2003-agg291494,"Creoles and pidgins, French-based (Other)",cpf,CREOLO HAITIANO/ HAITIAN CREOLE,translation-candidate,True,2025,2025-07-25,unreviewed-discovery,unassessed,https://www.antiwarsongs.org/canzone.php?id=2003&lang=en#agg291494,
aws-2003-agg287350,"Creoles and pidgins, French-based (Other)",cpf,CREOLO MAURIZIANO / MAURITIAN CREOLE,translation-candidate,True,2020,2024-03-05,unreviewed-discovery,unassessed,https://www.antiwarsongs.org/canzone.php?id=2003&lang=en#agg287350,
aws-2003-agg1966,Croatian,hr,CROATO [1] / CROAT [1],translation-candidate,True,,2005-06-08,unreviewed-discovery,unassessed,https://www.antiwarsongs.org/canzone.php?id=2003&lang=en#agg1966,
aws-2003-agg259329,Croatian,hr,CROATO [2] / CROAT [2],translation-candidate,True,,2018-04-26,unreviewed-discovery,unassessed,https://www.antiwarsongs.org/canzone.php?id=2003&lang=en#agg259329,
aws-2003-agg1988,Kurdish,ku,CURDO [1] / KURDISH [1],translation-candidate,True,,2005-06-08,unreviewed-discovery,unassessed,https://www.antiwarsongs.org/canzone.php?id=2003&lang=en#agg1988,
aws-2003-agg3926,Kurdish,ku,CURDO [2] / KURDISH [2],translation-candidate,True,,2006-03-18,unreviewed-discovery,unassessed,https://www.antiwarsongs.org/canzone.php?id=2003&lang=en#agg3926,
aws-2003-agg3927,Kurdish,ku,CURDO [3] / KURDISH [3],translation-candidate,True,,2006-03-18,unreviewed-discovery,unassessed,https://www.antiwarsongs.org/canzone.php?id=2003&lang=en#agg3927,
aws-2003-agg243274,Kurdish,ku,CURDO [4] / KURDISH [4],translation-candidate,True,,2015-09-17,unreviewed-discovery,unassessed,https://www.antiwarsongs.org/canzone.php?id=2003&lang=en#agg243274,
aws-2003-agg243275,Kurdish,ku,CURDO [5] / KURDISH [5],translation-candidate,True,,2015-09-17,unreviewed-discovery,unassessed,https://www.antiwarsongs.org/canzone.php?id=2003&lang=en#agg243275,
aws-2003-agg259330,Kurdish,ku,CURDO CENTRALE / CENTRAL KURDISH,translation-candidate,True,,2018-04-26,unreviewed-discovery,unassessed,https://www.antiwarsongs.org/canzone.php?id=2003&lang=en#agg259330,
aws-2003-agg1948,Danish,da,DANESE / DANISH 1,translation-candidate,True,1911; 1966,2005-06-08,unreviewed-discovery,unassessed,https://www.antiwarsongs.org/canzone.php?id=2003&lang=en#agg1948,
aws-2003-agg3320,Danish,da,DANESE / DANISH 2,translation-candidate,True,1910,2005-12-02,unreviewed-discovery,unassessed,https://www.antiwarsongs.org/canzone.php?id=2003&lang=en#agg3320,
aws-2003-agg292569,Danish,da,DANESE / DANISH 3,translation-candidate,True,1961,2025-11-21,unreviewed-discovery,unassessed,https://www.antiwarsongs.org/canzone.php?id=2003&lang=en#agg292569,
aws-2003-agg292570,Danish,da,DANESE / DANISH 4,translation-candidate,True,1932,2025-11-21,unreviewed-discovery,unassessed,https://www.antiwarsongs.org/canzone.php?id=2003&lang=en#agg292570,
aws-2003-agg2026,Dutch,nl,DEN HAAG (DIALETTO NEERLANDESE DELL'AIA) / THE HAGUE DIALECT (DUTCH),translation-candidate,True,,2005-06-10,unreviewed-discovery,unassessed,https://www.antiwarsongs.org/canzone.php?id=2003&lang=en#agg2026,
aws-2003-agg290815,Sino-Tibetan (Other),sit,DUNGANO / DUNGAN,translation-candidate,True,,2025-04-17,unreviewed-discovery,unassessed,https://www.antiwarsongs.org/canzone.php?id=2003&lang=en#agg290815,
aws-2003-agg1958,Hebrew,he,EBRAICO / HEBREW [1],translation-candidate,True,,2005-06-08,unreviewed-discovery,unassessed,https://www.antiwarsongs.org/canzone.php?id=2003&lang=en#agg1958,
aws-2003-agg265647,Hebrew,he,EBRAICO / HEBREW [2],translation-candidate,True,,2019-08-13,unreviewed-discovery,unassessed,https://www.antiwarsongs.org/canzone.php?id=2003&lang=en#agg265647,
aws-2003-agg265648,Hebrew,he,EBRAICO / HEBREW [3],translation-candidate,True,,2019-08-14,unreviewed-discovery,unassessed,https://www.antiwarsongs.org/canzone.php?id=2003&lang=en#agg265648,
aws-2003-agg1972,Esperanto,eo,ESPERANTO [1] / ESPERANTO [1],translation-candidate,True,,2005-06-08,unreviewed-discovery,unassessed,https://www.antiwarsongs.org/canzone.php?id=2003&lang=en#agg1972,
aws-2003-agg1973,Esperanto,eo,ESPERANTO [2] / ESPERANTO [2],translation-candidate,True,,2005-06-08,unreviewed-discovery,unassessed,https://www.antiwarsongs.org/canzone.php?id=2003&lang=en#agg1973,
aws-2003-agg2020,Estonian,et,ESTONE / ESTONIAN [1],translation-candidate,True,,2005-06-10,unreviewed-discovery,unassessed,https://www.antiwarsongs.org/canzone.php?id=2003&lang=en#agg2020,
aws-2003-agg2888,Estonian,et,ESTONE / ESTONIAN [2],translation-candidate,True,,2005-10-20,unreviewed-discovery,unassessed,https://www.antiwarsongs.org/canzone.php?id=2003&lang=en#agg2888,
aws-2003-agg2889,Estonian,et,ESTONE / ESTONIAN [3],translation-candidate,True,,2005-10-20,unreviewed-discovery,unassessed,https://www.antiwarsongs.org/canzone.php?id=2003&lang=en#agg2889,
aws-2003-agg289126,Italian,it,FAROESE / FAROESE,translation-candidate,True,,2024-10-16,unreviewed-discovery,unassessed,https://www.antiwarsongs.org/canzone.php?id=2003&lang=en#agg289126,
aws-2003-agg1950,Finnish,fi,FINLANDESE / FINNISH,translation-candidate,True,1905; 1968,2005-06-08,unreviewed-discovery,unassessed,https://www.antiwarsongs.org/canzone.php?id=2003&lang=en#agg1950,
aws-2003-agg22527,Frisian,fy,FRISONE OCCIDENTALE [1] / WEST FRISIAN [1],translation-candidate,True,,2009-05-14,unreviewed-discovery,unassessed,https://www.antiwarsongs.org/canzone.php?id=2003&lang=en#agg22527,
aws-2003-agg94783,Frisian,fy,"Lieuwe Hornstra, fattaci pervenire da Hermann Thomsen (che ringraziamo).",translation-candidate,True,,2010-11-26,unreviewed-discovery,unassessed,https://www.antiwarsongs.org/canzone.php?id=2003&lang=en#agg94783,
aws-2003-agg276322,Frisian,fy,FRISONE OCCIDENTALE [3] / WEST FRISIAN [3],translation-candidate,True,,2020-12-20,unreviewed-discovery,unassessed,https://www.antiwarsongs.org/canzone.php?id=2003&lang=en#agg276322,
aws-2003-agg276323,Frisian,fy,FRISONE OCCIDENTALE [4] / WEST FRISIAN [4],translation-candidate,True,,2020-12-20,unreviewed-discovery,unassessed,https://www.antiwarsongs.org/canzone.php?id=2003&lang=en#agg276323,
aws-2003-agg2000,Gaelic,gd,GAELICO IRLANDESE [1] / IRISH GAELIC [1],translation-candidate,True,,2005-06-08,unreviewed-discovery,unassessed,https://www.antiwarsongs.org/canzone.php?id=2003&lang=en#agg2000,
aws-2003-agg16319,Irish,ga,GAELICO IRLANDESE [2] / IRISH GAELIC [2],translation-candidate,True,,2008-05-20,unreviewed-discovery,unassessed,https://www.antiwarsongs.org/canzone.php?id=2003&lang=en#agg16319,
aws-2003-agg281875,Irish,ga,GAELICO IRLANDESE / IRISH GAELIC 3,translation-candidate,True,1942,2022-09-26,unreviewed-discovery,unassessed,https://www.antiwarsongs.org/canzone.php?id=2003&lang=en#agg281875,
aws-2003-agg250031,Gaelic,gd,GAELICO SCOZZESE / SCOTTISH GAELIC,translation-candidate,True,,2016-07-12,unreviewed-discovery,unassessed,https://www.antiwarsongs.org/canzone.php?id=2003&lang=en#agg250031,
aws-2003-agg1969,Galician,gl,GALEGO (GALIZIANO) / GALICIAN,translation-candidate,True,,2005-06-08,unreviewed-discovery,unassessed,https://www.antiwarsongs.org/canzone.php?id=2003&lang=en#agg1969,
aws-2003-agg1970,Welsh,cy,GALLESE (CIMRICO) / WELSH (CYMRAEG),translation-candidate,True,,2005-06-08,unreviewed-discovery,unassessed,https://www.antiwarsongs.org/canzone.php?id=2003&lang=en#agg1970,
aws-2003-agg13412,Georgian,ka,GEORGIANO [KARTVELICO] / GEORGIAN [KARTVELIAN] 1,translation-candidate,True,1905,2007-08-11,unreviewed-discovery,unassessed,https://www.antiwarsongs.org/canzone.php?id=2003&lang=en#agg13412,
aws-2003-agg289101,English,en,GEORGIANO [KARTVELICO] / GEORGIAN [KARTVELIAN] 2,translation-candidate,True,1905,2024-10-15,unreviewed-discovery,unassessed,https://www.antiwarsongs.org/canzone.php?id=2003&lang=en#agg289101,
aws-2003-agg1961,Japanese,ja,GIAPPONESE / JAPANESE,translation-candidate,True,,2005-06-08,unreviewed-discovery,unassessed,https://www.antiwarsongs.org/canzone.php?id=2003&lang=en#agg1961,
aws-2003-agg1962,Japanese,ja,GIAPPONESE / JAPANESE,translation-candidate,True,,2005-06-08,unreviewed-discovery,unassessed,https://www.antiwarsongs.org/canzone.php?id=2003&lang=en#agg1962,
aws-2003-agg3006,Japanese,ja,GIAPPONESE / JAPANESE [2],translation-candidate,True,,2005-11-03,unreviewed-discovery,unassessed,https://www.antiwarsongs.org/canzone.php?id=2003&lang=en#agg3006,
aws-2003-agg278623,Japanese,ja,GIAPPONESE [3] / JAPANESE [3],translation-candidate,True,,2021-08-19,unreviewed-discovery,unassessed,https://www.antiwarsongs.org/canzone.php?id=2003&lang=en#agg278623,
aws-2003-agg106696,Gothic,got,GOTICO / GOTHIC,translation-candidate,True,,2011-11-07,unreviewed-discovery,unassessed,https://www.antiwarsongs.org/canzone.php?id=2003&lang=en#agg106696,
aws-2003-agg1995,Greek (Modern),el,completa in lingua greca fornita originariamente da Giuseppina di Lillo. L'autore è,translation-candidate,True,,2005-06-08,unreviewed-discovery,unassessed,https://www.antiwarsongs.org/canzone.php?id=2003&lang=en#agg1995,
aws-2003-agg11718,Greek (Modern),el,GRECO / GREEK [1 - Polytonic],translation-candidate,True,,2007-03-26,unreviewed-discovery,unassessed,https://www.antiwarsongs.org/canzone.php?id=2003&lang=en#agg11718,
aws-2003-agg1997,Greek (Modern),el,GRECO / GREEK [1 - Traslitterato / Romanized],translation-candidate,True,,2005-06-08,unreviewed-discovery,unassessed,https://www.antiwarsongs.org/canzone.php?id=2003&lang=en#agg1997,
aws-2003-agg2435,Greek (Modern),el,GRECO / GREEK,translation-candidate,True,,2005-08-13,unreviewed-discovery,unassessed,https://www.antiwarsongs.org/canzone.php?id=2003&lang=en#agg2435,
aws-2003-agg1996,Greek (Modern),el,GRECO / GREEK,translation-candidate,True,,2005-06-08,unreviewed-discovery,unassessed,https://www.antiwarsongs.org/canzone.php?id=2003&lang=en#agg1996,
aws-2003-agg106906,Greek (Modern),el,Yankos Kanonidis ufficiale nelle scuole greche dell'Unione Sovietica.,translation-candidate,True,,2011-11-14,unreviewed-discovery,unassessed,https://www.antiwarsongs.org/canzone.php?id=2003&lang=en#agg106906,
aws-2003-agg107048,Greek (Modern),el,GRECO [3] / GREEK [3],translation-candidate,True,,2011-11-17,unreviewed-discovery,unassessed,https://www.antiwarsongs.org/canzone.php?id=2003&lang=en#agg107048,
aws-2003-agg5237,Greek (Ancient),grc,GRECO ANTICO / ANCIENT GREEK,translation-candidate,True,,2006-08-14,unreviewed-discovery,unassessed,https://www.antiwarsongs.org/canzone.php?id=2003&lang=en#agg5237,
aws-2003-agg12109,Greek (Ancient),grc,GRECO ANTICO / ANCIENT GREEK,translation-candidate,True,,2007-04-16,unreviewed-discovery,unassessed,https://www.antiwarsongs.org/canzone.php?id=2003&lang=en#agg12109,
aws-2003-agg106858,Greek (Modern),el,GRECO PONTICO (PONTIAKA) [1] / PONTIC GREEK (PONTIAKA) [1],translation-candidate,True,,2011-11-12,unreviewed-discovery,unassessed,https://www.antiwarsongs.org/canzone.php?id=2003&lang=en#agg106858,
aws-2003-agg266026,Greek (Modern),el,GRECO PONTICO (PONTIAKA) [2] / PONTIC GREEK (PONTIAKA) [2],translation-candidate,True,,2019-09-14,unreviewed-discovery,unassessed,https://www.antiwarsongs.org/canzone.php?id=2003&lang=en#agg266026,
aws-2003-agg289129,Kalaallisut,kl,GROENLANDESE [Kalaallisut] / GREENLANDIC [Kalaallisut] 1,translation-candidate,True,1984,2024-10-16,unreviewed-discovery,unassessed,https://www.antiwarsongs.org/canzone.php?id=2003&lang=en#agg289129,
aws-2003-agg289130,Kalaallisut,kl,GROENLANDESE (Kalaallisut) / GREENLANDIC (Kalallisuut) 2,translation-candidate,True,1984,2024-10-16,unreviewed-discovery,unassessed,https://www.antiwarsongs.org/canzone.php?id=2003&lang=en#agg289130,
aws-2003-agg1989,Dutch,nl,GRONINGESE / GRONINGEN DUTCH,translation-candidate,True,2002,2005-06-08,unreviewed-discovery,unassessed,https://www.antiwarsongs.org/canzone.php?id=2003&lang=en#agg1989,
aws-2003-agg286004,Guarani,gn,GUARANÍ [Avañe’ẽ],translation-candidate,True,,2023-09-15,unreviewed-discovery,unassessed,https://www.antiwarsongs.org/canzone.php?id=2003&lang=en#agg286004,
aws-2003-agg279111,Hawaiian,haw,HAWAIANO / HAWAIIAN,translation-candidate,True,,2021-10-16,unreviewed-discovery,unassessed,https://www.antiwarsongs.org/canzone.php?id=2003&lang=en#agg279111,
aws-2003-agg16323,Hindi,hi,HINDI / HINDI 1,translation-candidate,True,,2008-05-20,unreviewed-discovery,unassessed,https://www.antiwarsongs.org/canzone.php?id=2003&lang=en#agg16323,
aws-2003-agg18737,Hindi,hi,HINDI / HINDI [2],translation-candidate,True,,2008-10-19,unreviewed-discovery,unassessed,https://www.antiwarsongs.org/canzone.php?id=2003&lang=en#agg18737,
aws-2003-agg18739,Hindi,mul,HINDI / HINDI [2],translation-candidate,True,,2008-10-19,unreviewed-discovery,unassessed,https://www.antiwarsongs.org/canzone.php?id=2003&lang=en#agg18739,
aws-2003-agg282098,Yakut,sah,IACUTO [SAKHA] / YAKUT [SAKHA],translation-candidate,True,,2022-10-16,unreviewed-discovery,unassessed,https://www.antiwarsongs.org/canzone.php?id=2003&lang=en#agg282098,
aws-2003-agg1976,Ido,ido,IDO / IDO [1],translation-candidate,True,,2005-06-08,unreviewed-discovery,unassessed,https://www.antiwarsongs.org/canzone.php?id=2003&lang=en#agg1976,
aws-2003-agg3188,Ido,ido,IDO / IDO [2],translation-candidate,True,,2005-11-17,unreviewed-discovery,unassessed,https://www.antiwarsongs.org/canzone.php?id=2003&lang=en#agg3188,
aws-2003-agg1977,Indonesian,id,INDONESIANO [1] / INDONESIAN [1],translation-candidate,True,,2005-06-08,unreviewed-discovery,unassessed,https://www.antiwarsongs.org/canzone.php?id=2003&lang=en#agg1977,
aws-2003-agg2270,Indonesian,id,INDONESIANO [2] / INDONESIAN [2],translation-candidate,True,,2005-07-04,unreviewed-discovery,unassessed,https://www.antiwarsongs.org/canzone.php?id=2003&lang=en#agg2270,
aws-2003-agg276984,Indonesian,id,INDONESIANO [3] / INDONESIAN [3],translation-candidate,True,,2021-02-24,unreviewed-discovery,unassessed,https://www.antiwarsongs.org/canzone.php?id=2003&lang=en#agg276984,
aws-2003-agg253153,Indonesian,id,INDONESIANO / INDONESIAN [4],translation-candidate,True,,2017-01-06,unreviewed-discovery,unassessed,https://www.antiwarsongs.org/canzone.php?id=2003&lang=en#agg253153,
aws-2003-agg288967,Indonesian,id,INDONESIANO / INDONESIAN 5,translation-candidate,True,2011,2024-09-23,unreviewed-discovery,unassessed,https://www.antiwarsongs.org/canzone.php?id=2003&lang=en#agg288967,
aws-2003-agg259367,"English, Old (ca.450-1100)",ang,INGLESE ANTICO [ENGLISC] / OLD ENGLISH [ENGLISC],translation-candidate,True,2018,2018-04-29,unreviewed-discovery,unassessed,https://www.antiwarsongs.org/canzone.php?id=2003&lang=en#agg259367,
aws-2003-agg285512,Slavic (Other),sla,INTERSLAVO / INTERSLAVIC,translation-candidate,True,2023,2023-07-12,unreviewed-discovery,unassessed,https://www.antiwarsongs.org/canzone.php?id=2003&lang=en#agg285512,
aws-2003-agg1951,Icelandic,is,ISLANDESE / ICELANDIC 1,translation-candidate,True,1922,2005-06-08,unreviewed-discovery,unassessed,https://www.antiwarsongs.org/canzone.php?id=2003&lang=en#agg1951,
aws-2003-agg18695,Icelandic,is,ISLANDESE / ICELANDIC 2,translation-candidate,True,1930,2008-10-18,unreviewed-discovery,unassessed,https://www.antiwarsongs.org/canzone.php?id=2003&lang=en#agg18695,
aws-2003-agg285753,Pampanga,pam,KAPAMPANGAN [PAMPANGO],translation-candidate,True,,2023-08-28,unreviewed-discovery,unassessed,https://www.antiwarsongs.org/canzone.php?id=2003&lang=en#agg285753,
aws-2003-agg279078,Kazakh,kk,KAZAKO / KAZAKH 1,translation-candidate,True,,2021-10-13,unreviewed-discovery,unassessed,https://www.antiwarsongs.org/canzone.php?id=2003&lang=en#agg279078,
aws-2003-agg281804,Kazakh,kk,KAZAKO / KAZAKH 2,translation-candidate,True,1961,2022-09-19,unreviewed-discovery,unassessed,https://www.antiwarsongs.org/canzone.php?id=2003&lang=en#agg281804,
aws-2003-agg2261,Kelartic,kox,KELARTICO / KELARTIC,translation-candidate,True,,2005-07-02,unreviewed-discovery,unassessed,https://www.antiwarsongs.org/canzone.php?id=2003&lang=en#agg2261,
aws-2003-agg3928,Kelartic,kox,KELARTICO [2] / KELARTIC [2],translation-candidate,True,,2006-03-18,unreviewed-discovery,unassessed,https://www.antiwarsongs.org/canzone.php?id=2003&lang=en#agg3928,
aws-2003-agg283857,Khmer,km,KHMER [CAMBOGIANO] / KHMER [CAMBODIAN] 1,translation-candidate,True,,2022-12-30,unreviewed-discovery,unassessed,https://www.antiwarsongs.org/canzone.php?id=2003&lang=en#agg283857,
aws-2003-agg290355,Khmer,km,KHMER (CAMBOGIANO) / KHMER (CAMBODIAN) 2,translation-candidate,True,,2025-03-11,unreviewed-discovery,unassessed,https://www.antiwarsongs.org/canzone.php?id=2003&lang=en#agg290355,
aws-2003-agg290906,Khmer,km,KHMER (CAMBOGIANO) / KHMER (CAMBODIAN) 3,translation-candidate,True,,2025-04-29,unreviewed-discovery,unassessed,https://www.antiwarsongs.org/canzone.php?id=2003&lang=en#agg290906,
aws-2003-agg265187,Tibetan,bo,KHROSKYABS [WOBZI],translation-candidate,True,,2019-06-08,unreviewed-discovery,unassessed,https://www.antiwarsongs.org/canzone.php?id=2003&lang=en#agg265187,
aws-2003-agg1998,Kirghiz,ky,KIRGHISO / KYRGYZ,translation-candidate,True,,2005-06-08,unreviewed-discovery,unassessed,https://www.antiwarsongs.org/canzone.php?id=2003&lang=en#agg1998,
aws-2003-agg1999,Kirghiz,ky,KIRGHISO / KYRGYZ,translation-candidate,True,,2005-06-08,unreviewed-discovery,unassessed,https://www.antiwarsongs.org/canzone.php?id=2003&lang=en#agg1999,
aws-2003-agg1986,Klingon,tlh,KLINGON / KLINGON [1],translation-candidate,True,,2005-06-08,unreviewed-discovery,unassessed,https://www.antiwarsongs.org/canzone.php?id=2003&lang=en#agg1986,
aws-2003-agg11127,Klingon,tlh,KLINGON / KLINGON [2],translation-candidate,True,,2007-02-10,unreviewed-discovery,unassessed,https://www.antiwarsongs.org/canzone.php?id=2003&lang=en#agg11127,
aws-2003-agg124679,Klingon,tlh,KLINGON [3] / KLINGON [3],translation-candidate,True,,2013-01-05,unreviewed-discovery,unassessed,https://www.antiwarsongs.org/canzone.php?id=2003&lang=en#agg124679,
aws-2003-agg290812,Komi,kv,KOMI (Sirieno) / KOMI (Zyryan),translation-candidate,True,,2025-04-17,unreviewed-discovery,unassessed,https://www.antiwarsongs.org/canzone.php?id=2003&lang=en#agg290812,
aws-2003-agg294660,Luo (Kenya and Tanzania),luo,LANGO UGANDESE / (UGANDAN) LANGO,translation-candidate,True,2025,2026-05-05,unreviewed-discovery,unassessed,https://www.antiwarsongs.org/canzone.php?id=2003&lang=en#agg294660,
aws-2003-agg243271,Lao,lo,LAO [LAOTIANO] / LAOTIAN,translation-candidate,True,1960,2015-09-17,unreviewed-discovery,unassessed,https://www.antiwarsongs.org/canzone.php?id=2003&lang=en#agg243271,
aws-2003-agg2004,Sami languages (Other),smi,LAPPONE [SAMI] / LAPPISH [SAMI],translation-candidate,True,,2005-06-09,unreviewed-discovery,unassessed,https://www.antiwarsongs.org/canzone.php?id=2003&lang=en#agg2004,
aws-2003-agg2269,Latin,la,LATINO / LATIN [1],translation-candidate,True,,2005-07-04,unreviewed-discovery,unassessed,https://www.antiwarsongs.org/canzone.php?id=2003&lang=en#agg2269,
aws-2003-agg154185,Latin,la,LATINO / LATIN [2],translation-candidate,True,,2013-10-02,unreviewed-discovery,unassessed,https://www.antiwarsongs.org/canzone.php?id=2003&lang=en#agg154185,
aws-2003-agg246289,Latin,la,LATINO / LATIN [3],translation-candidate,True,,2016-02-05,unreviewed-discovery,unassessed,https://www.antiwarsongs.org/canzone.php?id=2003&lang=en#agg246289,
aws-2003-agg2182,Latvian,lv,LETTONE / LATVIAN,translation-candidate,True,,2005-06-26,unreviewed-discovery,unassessed,https://www.antiwarsongs.org/canzone.php?id=2003&lang=en#agg2182,
aws-2003-agg284084,Italian,it,LIGURE / LIGURIAN 1,transcription-candidate,True,,2023-01-29,unreviewed-discovery,unassessed,https://www.antiwarsongs.org/canzone.php?id=2003&lang=en#agg284084,
aws-2003-agg284085,Italian,it,LIGURE / LIGURIAN 2,translation-candidate,True,,2023-01-29,unreviewed-discovery,unassessed,https://www.antiwarsongs.org/canzone.php?id=2003&lang=en#agg284085,
aws-2003-agg2003,Lithuanian,lt,LITUANO / LITHUANIAN,translation-candidate,True,,2005-06-08,unreviewed-discovery,unassessed,https://www.antiwarsongs.org/canzone.php?id=2003&lang=en#agg2003,
aws-2003-agg128831,Italian,it,LOMBARDO / LOMBARD,translation-candidate,True,,2013-04-03,unreviewed-discovery,unassessed,https://www.antiwarsongs.org/canzone.php?id=2003&lang=en#agg128831,
aws-2003-agg1992,Italian,it,LUCANO (POTENZA-TRICARICO) / BASILICATA DIALECT (ITALIAN),translation-candidate,True,,2005-06-08,unreviewed-discovery,unassessed,https://www.antiwarsongs.org/canzone.php?id=2003&lang=en#agg1992,
aws-2003-agg290195,Ganda,lug,LUGANDA [Ganda / Oluganda],translation-candidate,True,2025,2025-02-17,unreviewed-discovery,unassessed,https://www.antiwarsongs.org/canzone.php?id=2003&lang=en#agg290195,
aws-2003-agg294658,Luo (Kenya and Tanzania),luo,LUO / LWO,translation-candidate,True,2026,2026-05-05,unreviewed-discovery,unassessed,https://www.antiwarsongs.org/canzone.php?id=2003&lang=en#agg294658,
aws-2003-agg294657,Bantu (Other),bnt,LUSOGA / LUSOGA,translation-candidate,True,2025,2026-05-05,unreviewed-discovery,unassessed,https://www.antiwarsongs.org/canzone.php?id=2003&lang=en#agg294657,
aws-2003-agg69723,Luxembourgish,lb,"LUSSEMBURGHESE (Lëtzebuergesch) / LUXEMBOURGISH (Lëtzebuergesch) ""This i...",translation-candidate,True,,2010-03-21,unreviewed-discovery,unassessed,https://www.antiwarsongs.org/canzone.php?id=2003&lang=en#agg69723,
aws-2003-agg3934,Macedonian,mk,MACEDONE [1] / MACEDONIAN [1],translation-candidate,True,,2006-03-19,unreviewed-discovery,unassessed,https://www.antiwarsongs.org/canzone.php?id=2003&lang=en#agg3934,
aws-2003-agg3936,Macedonian,mk,MACEDONE [1] / MACEDONIAN [1],translation-candidate,True,,2006-03-19,unreviewed-discovery,unassessed,https://www.antiwarsongs.org/canzone.php?id=2003&lang=en#agg3936,
aws-2003-agg3935,Macedonian,mk,MACEDONE [2] / MACEDONIAN [2],translation-candidate,True,,2006-03-19,unreviewed-discovery,unassessed,https://www.antiwarsongs.org/canzone.php?id=2003&lang=en#agg3935,
aws-2003-agg3937,Macedonian,mk,MACEDONE [2] / MACEDONIAN [2],translation-candidate,True,,2006-03-19,unreviewed-discovery,unassessed,https://www.antiwarsongs.org/canzone.php?id=2003&lang=en#agg3937,
aws-2003-agg250174,Macedonian,mk,MACEDONE [3] / MACEDONIAN [3],translation-candidate,True,,2016-07-21,unreviewed-discovery,unassessed,https://www.antiwarsongs.org/canzone.php?id=2003&lang=en#agg250174,
aws-2003-agg100035,Malayalam,ml,MALAYALAM [1] / MALAYALAM [1],translation-candidate,True,,2011-05-02,unreviewed-discovery,unassessed,https://www.antiwarsongs.org/canzone.php?id=2003&lang=en#agg100035,
aws-2003-agg243273,Malayalam,ml,MALAYALAM [2] / MALAYALAM [2],translation-candidate,True,,2015-09-17,unreviewed-discovery,unassessed,https://www.antiwarsongs.org/canzone.php?id=2003&lang=en#agg243273,
aws-2003-agg2035,Malay,ms,MALESE [1] / MALAY [1],translation-candidate,True,,2005-06-10,unreviewed-discovery,unassessed,https://www.antiwarsongs.org/canzone.php?id=2003&lang=en#agg2035,
aws-2003-agg2271,Malay,ms,MALESE [2] / MALAY [2],translation-candidate,True,,2005-07-04,unreviewed-discovery,unassessed,https://www.antiwarsongs.org/canzone.php?id=2003&lang=en#agg2271,
aws-2003-agg14538,Malay,ms,MALESE [3] / MALAY [3],translation-candidate,True,,2007-11-17,unreviewed-discovery,unassessed,https://www.antiwarsongs.org/canzone.php?id=2003&lang=en#agg14538,
aws-2003-agg250030,Malagasy,mg,MALGASCIO [Malagasy] / MALAGASY,translation-candidate,True,,2016-07-12,unreviewed-discovery,unassessed,https://www.antiwarsongs.org/canzone.php?id=2003&lang=en#agg250030,
aws-2003-agg264526,Maltese,mt,MALTESE / MALTESE,translation-candidate,True,,2019-04-25,unreviewed-discovery,unassessed,https://www.antiwarsongs.org/canzone.php?id=2003&lang=en#agg264526,
aws-2003-agg278466,Manchu,mnc,MANCESE / MANCHU,translation-candidate,True,,2021-07-24,unreviewed-discovery,unassessed,https://www.antiwarsongs.org/canzone.php?id=2003&lang=en#agg278466,
aws-2003-agg262211,Artificial (Other),art,MANDO'A,translation-candidate,True,,2018-11-18,unreviewed-discovery,unassessed,https://www.antiwarsongs.org/canzone.php?id=2003&lang=en#agg262211,
aws-2003-agg1983,Maori,mi,MAORI / MAORI 1,translation-candidate,True,,2005-06-08,unreviewed-discovery,unassessed,https://www.antiwarsongs.org/canzone.php?id=2003&lang=en#agg1983,
aws-2003-agg291574,Maori,mi,MAORI / MAORI 2,translation-candidate,True,2024,2025-08-05,unreviewed-discovery,unassessed,https://www.antiwarsongs.org/canzone.php?id=2003&lang=en#agg291574,
aws-2003-agg255378,Marathi,mr,MARATHI / MARATHI,translation-candidate,True,,2017-06-08,unreviewed-discovery,unassessed,https://www.antiwarsongs.org/canzone.php?id=2003&lang=en#agg255378,
aws-2003-agg5755,Chinese,zh,Nota. Finora questa pagina ha riportato esclusivamente la versione Min Nan traslitterata proveniente da Wikipedia; la versione in caratteri cinesi ci è stata fornita il 9.10.10 dal sig.,transcription-candidate,True,,2006-09-02,unreviewed-discovery,unassessed,https://www.antiwarsongs.org/canzone.php?id=2003&lang=en#agg5755,
aws-2003-agg2265,Moldavian,mo,MOLDAVO / MOLDOVAN 1,translation-candidate,True,,2005-07-04,unreviewed-discovery,unassessed,https://www.antiwarsongs.org/canzone.php?id=2003&lang=en#agg2265,
aws-2003-agg285300,Moldavian,mo,MOLDAVO / MOLDOVAN 2,translation-candidate,True,1925,2023-06-07,unreviewed-discovery,unassessed,https://www.antiwarsongs.org/canzone.php?id=2003&lang=en#agg285300,
aws-2003-agg3990,Mongolian,mn,MONGOLO / MONGOLIAN 1,translation-candidate,True,,2006-03-23,unreviewed-discovery,unassessed,https://www.antiwarsongs.org/canzone.php?id=2003&lang=en#agg3990,
aws-2003-agg3991,Mongolian,mn,MONGOLO / MONGOLIAN [1],translation-candidate,True,,2006-03-23,unreviewed-discovery,unassessed,https://www.antiwarsongs.org/canzone.php?id=2003&lang=en#agg3991,
aws-2003-agg259320,Mongolian,mn,MONGOLO / MONGOLIAN [2],translation-candidate,True,,2018-04-25,unreviewed-discovery,unassessed,https://www.antiwarsongs.org/canzone.php?id=2003&lang=en#agg259320,
aws-2003-agg278142,Mongolian,mn,MONGOLO INTERNO (Dialetto Chakhar) / INNER MONGOLIAN (Chakhar...,translation-candidate,True,,2021-06-02,unreviewed-discovery,unassessed,https://www.antiwarsongs.org/canzone.php?id=2003&lang=en#agg278142,
aws-2003-agg290805,Slavic (Other),sla,MONTENEGRINO / MONTENEGRIN,translation-candidate,True,,2025-04-16,unreviewed-discovery,unassessed,https://www.antiwarsongs.org/canzone.php?id=2003&lang=en#agg290805,
aws-2003-agg250032,Nahuatl,nah,NAHUATL / NAHUATL,translation-candidate,True,,2016-07-12,unreviewed-discovery,unassessed,https://www.antiwarsongs.org/canzone.php?id=2003&lang=en#agg250032,
aws-2003-agg1946,Dutch,nl,NEERLANDESE / DUTCH 1,translation-candidate,True,1900,2005-06-08,unreviewed-discovery,unassessed,https://www.antiwarsongs.org/canzone.php?id=2003&lang=en#agg1946,
aws-2003-agg1987,Dutch,nl,NEERLANDESE / DUTCH 2,translation-candidate,True,,2005-06-08,unreviewed-discovery,unassessed,https://www.antiwarsongs.org/canzone.php?id=2003&lang=en#agg1987,
aws-2003-agg295754,Dutch,nl,NEERLANDESE / DUTCH 3,translation-candidate,True,1894,2026-09-05,unreviewed-discovery,unassessed,https://www.antiwarsongs.org/canzone.php?id=2003&lang=en#agg295754,
aws-2003-agg2025,Dutch,nl,NEERLANDESE / DUTCH 4,translation-candidate,True,1970,2005-06-10,unreviewed-discovery,unassessed,https://www.antiwarsongs.org/canzone.php?id=2003&lang=en#agg2025,
aws-2003-agg2027,Dutch,nl,NEERLANDESE / DUTCH 5,translation-candidate,True,1971,2005-06-10,unreviewed-discovery,unassessed,https://www.antiwarsongs.org/canzone.php?id=2003&lang=en#agg2027,
aws-2003-agg2406,Dutch,nl,NEERLANDESE / DUTCH 6,translation-candidate,True,1938,2005-08-08,unreviewed-discovery,unassessed,https://www.antiwarsongs.org/canzone.php?id=2003&lang=en#agg2406,
aws-2003-agg2407,Dutch,nl,NEERLANDESE / DUTCH 7,translation-candidate,True,1971,2005-08-08,unreviewed-discovery,unassessed,https://www.antiwarsongs.org/canzone.php?id=2003&lang=en#agg2407,
aws-2003-agg18394,Dutch,nl,NEERLANDESE / DUTCH 8,translation-candidate,True,2008,2008-09-27,unreviewed-discovery,unassessed,https://www.antiwarsongs.org/canzone.php?id=2003&lang=en#agg18394,
aws-2003-agg261248,Dutch,nl,NEERLANDESE / DUTCH 9,translation-candidate,True,,2018-09-12,unreviewed-discovery,unassessed,https://www.antiwarsongs.org/canzone.php?id=2003&lang=en#agg261248,
aws-2003-agg295750,Dutch,nl,NEERLANDESE / DUTCH 10,translation-candidate,True,1981,2026-09-05,unreviewed-discovery,unassessed,https://www.antiwarsongs.org/canzone.php?id=2003&lang=en#agg295750,
aws-2003-agg295751,English,en,NEERLANDESE / DUTCH 11,translation-candidate,True,,2026-09-05,unreviewed-discovery,unassessed,https://www.antiwarsongs.org/canzone.php?id=2003&lang=en#agg295751,
aws-2003-agg295805,Dutch,nl,NEERLANDESE / DUTCH 12,translation-candidate,True,1970,2026-09-07,unreviewed-discovery,unassessed,https://www.antiwarsongs.org/canzone.php?id=2003&lang=en#agg295805,
aws-2003-agg259344,Nepali,ne,NEPALESE / NEPALI,translation-candidate,True,,2018-04-27,unreviewed-discovery,unassessed,https://www.antiwarsongs.org/canzone.php?id=2003&lang=en#agg259344,
aws-2003-agg2006,Norwegian,no,NORVEGESE (RIKSMÅL) [1] / NORWEGIAN (RIKSMÅL) [1],translation-candidate,True,,2005-06-09,unreviewed-discovery,unassessed,https://www.antiwarsongs.org/canzone.php?id=2003&lang=en#agg2006,
aws-2003-agg1949,Norwegian,no,NORVEGESE (BOKMÅL) [2] / NORWEGIAN (BOKMÅL) [2],translation-candidate,True,,2005-06-08,unreviewed-discovery,unassessed,https://www.antiwarsongs.org/canzone.php?id=2003&lang=en#agg1949,
aws-2003-agg2005,Norwegian,no,NORVEGESE /NYNORSK [3] / NORVEGESE (NYNORSK) [3],translation-candidate,True,,2005-06-09,unreviewed-discovery,unassessed,https://www.antiwarsongs.org/canzone.php?id=2003&lang=en#agg2005,
aws-2003-agg277044,Artificial (Other),art,"“Interstellare” in Norvyanish reperita dagli abissi siderali della Rete; la speranza, ovviamente, è che possa risuonare in faccia ai",translation-candidate,True,,2021-03-07,unreviewed-discovery,unassessed,https://www.antiwarsongs.org/canzone.php?id=2003&lang=en#agg277044,
aws-2003-agg101103,Occitan (post 1500),oc,OCCITANO (LANGUEDOCIANO) / OCCITAN (LENGADOCIAN),translation-candidate,True,,2011-05-31,unreviewed-discovery,unassessed,https://www.antiwarsongs.org/canzone.php?id=2003&lang=en#agg101103,
aws-2003-agg100851,Occitan (post 1500),oc,OCCITANO (NIZZARDO) / OCCITAN (NIÇARD),translation-candidate,True,,2011-05-22,unreviewed-discovery,unassessed,https://www.antiwarsongs.org/canzone.php?id=2003&lang=en#agg100851,
aws-2003-agg249916,Japanese,ja,OKINAWANO [UCHINAAGUCHI] / OKINAWAN [UCHINAAGUCHI],translation-candidate,True,,2016-07-02,unreviewed-discovery,unassessed,https://www.antiwarsongs.org/canzone.php?id=2003&lang=en#agg249916,
aws-2003-agg151530,Panjabi,pa,PANJABI (PUNJABI) / PUNJABI 1,translation-candidate,True,,2013-09-13,unreviewed-discovery,unassessed,https://www.antiwarsongs.org/canzone.php?id=2003&lang=en#agg151530,
aws-2003-agg284872,Panjabi,pa,PANJABI (PUNJABI) / PUNJABI 2,translation-candidate,True,,2023-04-29,unreviewed-discovery,unassessed,https://www.antiwarsongs.org/canzone.php?id=2003&lang=en#agg284872,
aws-2003-agg287935,Panjabi,pa,PANJABI (PUNJABI) / PUNJABI 3,translation-candidate,True,,2024-04-30,unreviewed-discovery,unassessed,https://www.antiwarsongs.org/canzone.php?id=2003&lang=en#agg287935,
aws-2003-agg1978,Persian,fa,PERSIANO MODERNO / MODERN PERSIAN 1,translation-candidate,True,1887; 1925; 1957,2005-06-08,unreviewed-discovery,unassessed,https://www.antiwarsongs.org/canzone.php?id=2003&lang=en#agg1978,
aws-2003-agg2016,Persian,fa,PERSIANO MODERNO / MODERN PERSIAN 1a,translation-candidate,True,,2005-06-09,unreviewed-discovery,unassessed,https://www.antiwarsongs.org/canzone.php?id=2003&lang=en#agg2016,
aws-2003-agg13414,Persian,fa,PERSIANO MODERNO / MODERN PERSIAN 2,translation-candidate,True,1925; 1980; 2000,2007-08-11,unreviewed-discovery,unassessed,https://www.antiwarsongs.org/canzone.php?id=2003&lang=en#agg13414,
aws-2003-agg281391,Persian,fa,DARI (PERSIANO DELL'AFGHANISTAN) / DARI (DARI PERSIAN),translation-candidate,True,,2022-07-18,unreviewed-discovery,unassessed,https://www.antiwarsongs.org/canzone.php?id=2003&lang=en#agg281391,
aws-2003-agg2340,Italian,it,PIEMONTESE / PIEDMONTESE,translation-candidate,True,,2005-08-03,unreviewed-discovery,unassessed,https://www.antiwarsongs.org/canzone.php?id=2003&lang=en#agg2340,
aws-2003-agg1956,Polish,pl,POLACCO / POLISH,translation-candidate,True,1903,2005-06-08,unreviewed-discovery,unassessed,https://www.antiwarsongs.org/canzone.php?id=2003&lang=en#agg1956,
aws-2003-agg1945,Portuguese,pt,PORTOGHESE / PORTUGUESE 1,translation-candidate,True,1909,2005-06-08,unreviewed-discovery,unassessed,https://www.antiwarsongs.org/canzone.php?id=2003&lang=en#agg1945,
aws-2003-agg2069,Portuguese,pt,PORTOGHESE [2] / PORTUGUESE [2],translation-candidate,True,,2005-06-13,unreviewed-discovery,unassessed,https://www.antiwarsongs.org/canzone.php?id=2003&lang=en#agg2069,
aws-2003-agg14047,Portuguese,pt,PORTOGHESE [3] / PORTUGUESE [3],translation-candidate,True,,2007-10-13,unreviewed-discovery,unassessed,https://www.antiwarsongs.org/canzone.php?id=2003&lang=en#agg14047,
aws-2003-agg14199,Portuguese,pt,PORTOGHESE [4] / PORTUGUESE [4],translation-candidate,True,,2007-10-18,unreviewed-discovery,unassessed,https://www.antiwarsongs.org/canzone.php?id=2003&lang=en#agg14199,
aws-2003-agg186222,Portuguese,pt,PORTOGHESE [5] / PORTUGUESE [5],translation-candidate,True,,2013-11-28,unreviewed-discovery,unassessed,https://www.antiwarsongs.org/canzone.php?id=2003&lang=en#agg186222,
aws-2003-agg289100,Germanic (Other),gem,PROTOGERMANICO / PROTOGERMANIC,translation-candidate,True,2022,2024-10-14,unreviewed-discovery,unassessed,https://www.antiwarsongs.org/canzone.php?id=2003&lang=en#agg289100,
aws-2003-agg281555,Uighur,ug,QARLUQ ORIENTALE [UIGURO] / EASTERN QARLUQ [UYGHUR],translation-candidate,True,,2022-08-16,unreviewed-discovery,unassessed,https://www.antiwarsongs.org/canzone.php?id=2003&lang=en#agg281555,
aws-2003-agg1980,Quechua,qu,QUECHUA [RUNA SIMI] / QUECHUA [RUNA SIMI],translation-candidate,True,,2005-06-08,unreviewed-discovery,unassessed,https://www.antiwarsongs.org/canzone.php?id=2003&lang=en#agg1980,
aws-2003-agg2022,Raeto-Romance,rm,RETOROMANCIO (ROMANTSCH GRISCHUN) / RHAETO-ROMANCE (ROMANTSCH...,translation-candidate,True,,2005-06-10,unreviewed-discovery,unassessed,https://www.antiwarsongs.org/canzone.php?id=2003&lang=en#agg2022,
aws-2003-agg101716,German,de,RIPUARIO / RIPUARIAN,translation-candidate,True,,2011-06-21,unreviewed-discovery,unassessed,https://www.antiwarsongs.org/canzone.php?id=2003&lang=en#agg101716,
aws-2003-agg2248,Romanian,ro,ROMENO / ROMANIAN 1,translation-candidate,True,1900,2005-07-01,unreviewed-discovery,unassessed,https://www.antiwarsongs.org/canzone.php?id=2003&lang=en#agg2248,
aws-2003-agg295752,Romanian,ro,ROMENO / ROMANIAN 2,translation-candidate,True,1944,2026-09-05,unreviewed-discovery,unassessed,https://www.antiwarsongs.org/canzone.php?id=2003&lang=en#agg295752,
aws-2003-agg256002,Sardinian,sc,SARDO / SARDINIAN,translation-candidate,True,,2017-08-02,unreviewed-discovery,unassessed,https://www.antiwarsongs.org/canzone.php?id=2003&lang=en#agg256002,
aws-2003-agg2014,Serbian,sr,SERBO [1] / SERBIAN [1],translation-candidate,True,,2005-06-09,unreviewed-discovery,unassessed,https://www.antiwarsongs.org/canzone.php?id=2003&lang=en#agg2014,
aws-2003-agg2015,Serbian,sr,SERBO [2] / SERBIAN [2],translation-candidate,True,,2005-06-09,unreviewed-discovery,unassessed,https://www.antiwarsongs.org/canzone.php?id=2003&lang=en#agg2015,
aws-2003-agg21846,Serbian,sr,SERBO [3] / SERBIAN [3],translation-candidate,True,,2009-04-10,unreviewed-discovery,unassessed,https://www.antiwarsongs.org/canzone.php?id=2003&lang=en#agg21846,
aws-2003-agg291575,Sicilian,scn,SICILIANO / SICILIAN,translation-candidate,True,2025,2025-08-05,unreviewed-discovery,unassessed,https://www.antiwarsongs.org/canzone.php?id=2003&lang=en#agg291575,
aws-2003-agg295700,Sindhi,sd,SINDHI / SINDHI,literal-translation-candidate,True,,2026-09-01,unreviewed-discovery,unassessed,https://www.antiwarsongs.org/canzone.php?id=2003&lang=en#agg295700,
aws-2003-agg255243,Sinhalese,si,SINGALESE / SINHALA [1],translation-candidate,True,,2017-05-29,unreviewed-discovery,unassessed,https://www.antiwarsongs.org/canzone.php?id=2003&lang=en#agg255243,
aws-2003-agg278311,Sinhalese,si,SINGALESE / SINHALA 2,translation-candidate,True,1935; 1978,2021-06-30,unreviewed-discovery,unassessed,https://www.antiwarsongs.org/canzone.php?id=2003&lang=en#agg278311,
aws-2003-agg291403,English,en,"SLAVO ECCLESIASTICO ANTICO, o SLAVONICO",translation-candidate,True,,2025-07-15,unreviewed-discovery,unassessed,https://www.antiwarsongs.org/canzone.php?id=2003&lang=en#agg291403,
aws-2003-agg1957,Slovak,sk,SLOVACCO / SLOVAK,translation-candidate,True,1949,2005-06-08,unreviewed-discovery,unassessed,https://www.antiwarsongs.org/canzone.php?id=2003&lang=en#agg1957,
aws-2003-agg2021,Slovenian,sl,SLOVENO / SLOVENIAN,translation-candidate,True,,2005-06-10,unreviewed-discovery,unassessed,https://www.antiwarsongs.org/canzone.php?id=2003&lang=en#agg2021,
aws-2003-agg294656,Sumerian,sux,SUMERO / SUMERIAN,translation-candidate,True,2025,2026-05-04,unreviewed-discovery,unassessed,https://www.antiwarsongs.org/canzone.php?id=2003&lang=en#agg294656,
aws-2003-agg288964,Sundanese,su,SUNDANESE [Basa Sunda],translation-candidate,True,,2024-09-23,unreviewed-discovery,unassessed,https://www.antiwarsongs.org/canzone.php?id=2003&lang=en#agg288964,
aws-2003-agg1947,Swedish,sv,SVEDESE / SWEDISH 1,translation-candidate,True,1902,2005-06-08,unreviewed-discovery,unassessed,https://www.antiwarsongs.org/canzone.php?id=2003&lang=en#agg1947,
aws-2003-agg259334,Swedish,sv,SVEDESE / SWEDISH 2,translation-candidate,True,1932,2018-04-26,unreviewed-discovery,unassessed,https://www.antiwarsongs.org/canzone.php?id=2003&lang=en#agg259334,
aws-2003-agg265011,Swedish,sv,SVEDESE / SWEDISH 3,translation-candidate,True,1925,2019-05-27,unreviewed-discovery,unassessed,https://www.antiwarsongs.org/canzone.php?id=2003&lang=en#agg265011,
aws-2003-agg278196,Swahili,sw,SWAHILI / KISWAHILI,translation-candidate,True,,2021-06-11,unreviewed-discovery,unassessed,https://www.antiwarsongs.org/canzone.php?id=2003&lang=en#agg278196,
aws-2003-agg1981,Tagalog,tl,TAGALOG (FILIPPINO) [1] / TAGALOG (PILIPINO) [1],translation-candidate,True,,2005-06-08,unreviewed-discovery,unassessed,https://www.antiwarsongs.org/canzone.php?id=2003&lang=en#agg1981,
aws-2003-agg2019,Tagalog,tl,TAGALOG (FILIPPINO) [2] / TAGALOG (PILIPINO) [2],translation-candidate,True,,2005-06-10,unreviewed-discovery,unassessed,https://www.antiwarsongs.org/canzone.php?id=2003&lang=en#agg2019,
aws-2003-agg16310,Tagalog,tl,TAGALOG (PILIPINO) [3] / TAGALOG (PILIPINO) [3],translation-candidate,True,,2008-05-19,unreviewed-discovery,unassessed,https://www.antiwarsongs.org/canzone.php?id=2003&lang=en#agg16310,
aws-2003-agg286005,Tajik,tg,TAGICO / TAJIK,translation-candidate,True,,2023-09-15,unreviewed-discovery,unassessed,https://www.antiwarsongs.org/canzone.php?id=2003&lang=en#agg286005,
aws-2003-agg251670,Tamil,ta,TAMIL / TAMIL,translation-candidate,True,,2016-09-30,unreviewed-discovery,unassessed,https://www.antiwarsongs.org/canzone.php?id=2003&lang=en#agg251670,
aws-2003-agg279092,Sino-Tibetan (Other),sit,TANGUT,translation-candidate,True,,2021-10-15,unreviewed-discovery,unassessed,https://www.antiwarsongs.org/canzone.php?id=2003&lang=en#agg279092,
aws-2003-agg225028,Tatar,tt,TATARO (DEL VOLGA) / (VOLGA) TATAR 1,translation-candidate,True,,2014-06-28,unreviewed-discovery,unassessed,https://www.antiwarsongs.org/canzone.php?id=2003&lang=en#agg225028,
aws-2003-agg225309,Tatar,tt,TATARO (DEL VOLGA) / (VOLGA) TATAR 1a,translation-candidate,True,,2014-07-08,unreviewed-discovery,unassessed,https://www.antiwarsongs.org/canzone.php?id=2003&lang=en#agg225309,
aws-2003-agg225313,Tatar,tt,TATARO (DEL VOLGA) / (VOLGA) TATAR 1b,translation-candidate,True,,2014-07-08,unreviewed-discovery,unassessed,https://www.antiwarsongs.org/canzone.php?id=2003&lang=en#agg225313,
aws-2003-agg293110,Tatar,tt,TATARO (DEL VOLGA) / (VOLGA) TATAR 2,translation-candidate,True,1932,2025-12-23,unreviewed-discovery,unassessed,https://www.antiwarsongs.org/canzone.php?id=2003&lang=en#agg293110,
aws-2003-agg296075,Chinese,zh,TEOCHEW / TEOCHEW MIN,translation-candidate,True,,2026-09-29,unreviewed-discovery,unassessed,https://www.antiwarsongs.org/canzone.php?id=2003&lang=en#agg296075,
aws-2003-agg5121,Thai,th,THAILANDESE / THAI [1],translation-candidate,True,,2006-08-04,unreviewed-discovery,unassessed,https://www.antiwarsongs.org/canzone.php?id=2003&lang=en#agg5121,
aws-2003-agg17721,Thai,th,THAILANDESE / THAI [1],translation-candidate,True,,2008-08-14,unreviewed-discovery,unassessed,https://www.antiwarsongs.org/canzone.php?id=2003&lang=en#agg17721,
aws-2003-agg10402,Thai,th,THAILANDESE / THAI [2],translation-candidate,True,,2006-12-22,unreviewed-discovery,unassessed,https://www.antiwarsongs.org/canzone.php?id=2003&lang=en#agg10402,
aws-2003-agg17722,Thai,th,THAILANDESE / THAI [2],translation-candidate,True,,2008-08-14,unreviewed-discovery,unassessed,https://www.antiwarsongs.org/canzone.php?id=2003&lang=en#agg17722,
aws-2003-agg274816,Tibetan,bo,TIBETANO / TIBETAN,translation-candidate,True,,2020-09-03,unreviewed-discovery,unassessed,https://www.antiwarsongs.org/canzone.php?id=2003&lang=en#agg274816,
aws-2003-agg293309,Batak (Indonesia),btk,TOBA BATAK,translation-candidate,True,,2026-01-21,unreviewed-discovery,unassessed,https://www.antiwarsongs.org/canzone.php?id=2003&lang=en#agg293309,
aws-2003-agg266017,Artificial (Other),art,TOKI PONA [1],translation-candidate,True,,2019-09-13,unreviewed-discovery,unassessed,https://www.antiwarsongs.org/canzone.php?id=2003&lang=en#agg266017,
aws-2003-agg266016,Artificial (Other),art,TOKI PONA [2],translation-candidate,True,,2019-09-13,unreviewed-discovery,unassessed,https://www.antiwarsongs.org/canzone.php?id=2003&lang=en#agg266016,
aws-2003-agg221059,Tonga (Tonga Islands),ton,TONGANO / TONGAN [RAROTONGA],translation-candidate,True,,2014-04-02,unreviewed-discovery,unassessed,https://www.antiwarsongs.org/canzone.php?id=2003&lang=en#agg221059,
aws-2003-agg1974,Turkish,tr,TURCO [1] / TURKISH [1],translation-candidate,True,,2005-06-08,unreviewed-discovery,unassessed,https://www.antiwarsongs.org/canzone.php?id=2003&lang=en#agg1974,
aws-2003-agg259363,Turkish,tr,TURCO [2] / TURKISH [2],translation-candidate,True,,2018-04-29,unreviewed-discovery,unassessed,https://www.antiwarsongs.org/canzone.php?id=2003&lang=en#agg259363,
aws-2003-agg2023,Tuvinian,tyv,TUVANO [1] / TUVAN [1],translation-candidate,True,,2005-06-10,unreviewed-discovery,unassessed,https://www.antiwarsongs.org/canzone.php?id=2003&lang=en#agg2023,
aws-2003-agg251719,English,en,Traduzione inglese dell'Internazionale Tuvana/English translation of Tuvan Internationale,translation-candidate,True,,2016-10-04,unreviewed-discovery,unassessed,https://www.antiwarsongs.org/canzone.php?id=2003&lang=en#agg251719,
aws-2003-agg289032,Tuvinian,tyv,TUVANO / TUVAN 2,translation-candidate,True,1939,2024-10-03,unreviewed-discovery,unassessed,https://www.antiwarsongs.org/canzone.php?id=2003&lang=en#agg289032,
aws-2003-agg2001,Ukrainian,uk,UCRAINO [1],translation-candidate,True,,2005-06-08,unreviewed-discovery,unassessed,https://www.antiwarsongs.org/canzone.php?id=2003&lang=en#agg2001,
aws-2003-agg2002,Ukrainian,uk,UCRAINO [1A] / UKRAINIAN [1A],translation-candidate,True,,2005-06-08,unreviewed-discovery,unassessed,https://www.antiwarsongs.org/canzone.php?id=2003&lang=en#agg2002,
aws-2003-agg259336,Ukrainian,uk,UCRAINO [2] / UKRAINIAN [2],translation-candidate,True,,2018-04-26,unreviewed-discovery,unassessed,https://www.antiwarsongs.org/canzone.php?id=2003&lang=en#agg259336,
aws-2003-agg100112,Udmurt,udm,UDMURTO (VOTIACO) / UDMURT (VOTYAK),translation-candidate,True,,2011-05-05,unreviewed-discovery,unassessed,https://www.antiwarsongs.org/canzone.php?id=2003&lang=en#agg100112,
aws-2003-agg278045,Uighur,ug,UIGURO / UYGHUR,translation-candidate,True,,2021-05-14,unreviewed-discovery,unassessed,https://www.antiwarsongs.org/canzone.php?id=2003&lang=en#agg278045,
aws-2003-agg1952,Hungarian,hu,"Ernő Bresztovszky (1882-1922), risalente al 1904.",translation-candidate,True,1882; 1904; 1922,2005-06-08,unreviewed-discovery,unassessed,https://www.antiwarsongs.org/canzone.php?id=2003&lang=en#agg1952,
aws-2003-agg2759,Hungarian,hu,UNGHERESE / HUNGARIAN [2],translation-candidate,True,,2005-09-25,unreviewed-discovery,unassessed,https://www.antiwarsongs.org/canzone.php?id=2003&lang=en#agg2759,
aws-2003-agg18740,Urdu,ur,URDU / URDU,translation-candidate,True,,2008-10-19,unreviewed-discovery,unassessed,https://www.antiwarsongs.org/canzone.php?id=2003&lang=en#agg18740,
aws-2003-agg291970,Uzbek,uz,UZBECO / UZBEK 1,translation-candidate,True,,2025-09-20,unreviewed-discovery,unassessed,https://www.antiwarsongs.org/canzone.php?id=2003&lang=en#agg291970,
aws-2003-agg259338,Uzbek,uz,UZBECO / UZBEK 2,translation-candidate,True,,2018-04-27,unreviewed-discovery,unassessed,https://www.antiwarsongs.org/canzone.php?id=2003&lang=en#agg259338,
aws-2003-agg295595,Uzbek,uz,UZBECO / UZBEK [3],translation-candidate,True,1986,2026-08-16,unreviewed-discovery,unassessed,https://www.antiwarsongs.org/canzone.php?id=2003&lang=en#agg295595,
aws-2003-agg125514,Walloon,wln,L' dierin-ne bataye: La versione in lingua vallone di Liegi di,translation-candidate,True,,2013-01-25,unreviewed-discovery,unassessed,https://www.antiwarsongs.org/canzone.php?id=2003&lang=en#agg125514,
aws-2003-agg2303,Italian,it,VENETO / VENETIAN,translation-candidate,True,,2005-07-25,unreviewed-discovery,unassessed,https://www.antiwarsongs.org/canzone.php?id=2003&lang=en#agg2303,
aws-2003-agg2008,Vietnamese,vi,VIETNAMITA [1] / VIETNAMESE [1],translation-candidate,True,,2005-06-09,unreviewed-discovery,unassessed,https://www.antiwarsongs.org/canzone.php?id=2003&lang=en#agg2008,
aws-2003-agg279071,Vietnamese,vi,VIETNAMITA [2] / VIETNAMESE [2],translation-candidate,True,,2021-10-13,unreviewed-discovery,unassessed,https://www.antiwarsongs.org/canzone.php?id=2003&lang=en#agg279071,
aws-2003-agg285561,Waray,war,WARAY [WARAY WARAY / WINARAY / BINISAYA],translation-candidate,True,,2023-07-19,unreviewed-discovery,unassessed,https://www.antiwarsongs.org/canzone.php?id=2003&lang=en#agg285561,
aws-2003-agg279060,Wu Chinese,wuu,WU / WU,translation-candidate,True,,2021-10-12,unreviewed-discovery,unassessed,https://www.antiwarsongs.org/canzone.php?id=2003&lang=en#agg279060,
aws-2003-agg290876,,,YI [NUOSU] / YI [NUOSU],supporting-material,False,,2025-04-26,unreviewed-discovery,unassessed,https://www.antiwarsongs.org/canzone.php?id=2003&lang=en#agg290876,
aws-2003-agg1971,Yiddish,yi,YIDDISH / YIDDISH,translation-candidate,True,,2005-06-08,unreviewed-discovery,unassessed,https://www.antiwarsongs.org/canzone.php?id=2003&lang=en#agg1971,
aws-2003-agg2073,Yiddish,yi,YIDDISH / YIDDISH,translation-candidate,True,,2005-06-14,unreviewed-discovery,unassessed,https://www.antiwarsongs.org/canzone.php?id=2003&lang=en#agg2073,
aws-2003-agg104914,Zhuang,za,ZHUANG (Vahcuengh),translation-candidate,True,,2011-09-08,unreviewed-discovery,unassessed,https://www.antiwarsongs.org/canzone.php?id=2003&lang=en#agg104914,
aws-2003-agg1979,Zulu,zu,ZULU / ZULU,translation-candidate,True,,2005-06-08,unreviewed-discovery,unassessed,https://www.antiwarsongs.org/canzone.php?id=2003&lang=en#agg1979,
aws-2003-agg124608,,,VARIE,supporting-material,False,,2013-01-03,unreviewed-discovery,unassessed,https://www.antiwarsongs.org/canzone.php?id=2003&lang=en#agg124608,
aws-2003-agg2068,English,en,"BEASTS OF ENGLAND, L' ""INTERNAZIONALE"" DELLA FATTORIA DEGLI ANIMALI DI GEORGE ORWELL",translation-candidate,True,,2005-06-12,unreviewed-discovery,unassessed,https://www.antiwarsongs.org/canzone.php?id=2003&lang=en#agg2068,
aws-2003-agg2134,Italian,it,"La versione italiana dalla traduzione completa della ""Fattoria...",translation-candidate,True,,2005-06-19,unreviewed-discovery,unassessed,https://www.antiwarsongs.org/canzone.php?id=2003&lang=en#agg2134,
aws-2003-agg269754,English,en,THE INTERNATIONALE - SCOTTISH LABOUR VERSION,translation-candidate,True,,2020-02-22,unreviewed-discovery,unassessed,https://www.antiwarsongs.org/canzone.php?id=2003&lang=en#agg269754,
aws-2003-agg14130,Italian,it,"L'INTERNAZIONALE DEL PARTITO DEMOCRATICO, di Maurizio Crozza (2007)",translation-candidate,True,2007,2007-10-15,unreviewed-discovery,unassessed,https://www.antiwarsongs.org/canzone.php?id=2003&lang=en#agg14130,
aws-2003-agg124441,,,L’Internazionale di Erri de Luca,supporting-material,False,,2012-12-29,unreviewed-discovery,unassessed,https://www.antiwarsongs.org/canzone.php?id=2003&lang=en#agg124441,
aws-2003-agg124619,,,Erri de Luca's Internationale,supporting-material,False,,2013-01-03,unreviewed-discovery,unassessed,https://www.antiwarsongs.org/canzone.php?id=2003&lang=en#agg124619,
aws-2003-agg124617,French,fr,L'Internationale de François Béranger,translation-candidate,True,,2013-01-03,unreviewed-discovery,unassessed,https://www.antiwarsongs.org/canzone.php?id=2003&lang=en#agg124617,
aws-2003-agg280461,Armenian,mul,"Versione trilingue (armeno, azero [in caratteri arabi] e georgiano)",translation-candidate,True,,2022-03-15,unreviewed-discovery,unassessed,https://www.antiwarsongs.org/canzone.php?id=2003&lang=en#agg280461,
aws-2003-agg124609,,,PIERRE DEGEYTER,supporting-material,False,,2013-01-03,unreviewed-discovery,unassessed,https://www.antiwarsongs.org/canzone.php?id=2003&lang=en#agg124609,
aws-2003-agg18169,,,Pierre Degeyter e la musica dell'Internazionale,supporting-material,False,,2008-09-12,unreviewed-discovery,unassessed,https://www.antiwarsongs.org/canzone.php?id=2003&lang=en#agg18169,
aws-2003-agg3995,,,VERSIONI MANCANTI * MISSING VERSIONS,supporting-material,False,,2006-03-24,unreviewed-discovery,unassessed,https://www.antiwarsongs.org/canzone.php?id=2003&lang=en#agg3995,
aws-2003-agg124610,,,VIDEO SENZA TESTO E ALTRI VIDEO,supporting-material,False,,2013-01-03,unreviewed-discovery,unassessed,https://www.antiwarsongs.org/canzone.php?id=2003&lang=en#agg124610,
aws-2003-agg251367,,,L'Internazionale in tedesco austriaco,supporting-material,False,,2016-09-12,unreviewed-discovery,unassessed,https://www.antiwarsongs.org/canzone.php?id=2003&lang=en#agg251367,
aws-2003-agg251368,,,L'internazionale in arabo algerino,supporting-material,False,,2016-09-12,unreviewed-discovery,unassessed,https://www.antiwarsongs.org/canzone.php?id=2003&lang=en#agg251368,
aws-2003-agg251369,,,The Internationale in arabo palestinese,supporting-material,False,,2016-09-12,unreviewed-discovery,unassessed,https://www.antiwarsongs.org/canzone.php?id=2003&lang=en#agg251369,
aws-2003-agg251370,,,L'Internazionale in arabo siriano,supporting-material,False,,2016-09-12,unreviewed-discovery,unassessed,https://www.antiwarsongs.org/canzone.php?id=2003&lang=en#agg251370,
aws-2003-agg279066,,,L'Internazionale in Arabo marocchino,supporting-material,False,,2021-10-13,unreviewed-discovery,unassessed,https://www.antiwarsongs.org/canzone.php?id=2003&lang=en#agg279066,
aws-2003-agg124729,,,L'Internazionale (censurata) diretta da Arturo Toscanini - 1944,supporting-material,False,1944,2013-01-07,unreviewed-discovery,unassessed,https://www.antiwarsongs.org/canzone.php?id=2003&lang=en#agg124729,
aws-2003-agg23082,,,Ivan della Mea - L'internazionale di Fortini,supporting-material,False,,2009-06-19,unreviewed-discovery,unassessed,https://www.antiwarsongs.org/canzone.php?id=2003&lang=en#agg23082,
aws-2003-agg23229,,,Internationale - Bahasa Indonesia version,supporting-material,False,,2009-06-25,unreviewed-discovery,unassessed,https://www.antiwarsongs.org/canzone.php?id=2003&lang=en#agg23229,
aws-2003-agg259466,,,L'Internazionale Latina eseguita come canone dai Mendelsson (2010),supporting-material,False,2010,2018-05-09,unreviewed-discovery,unassessed,https://www.antiwarsongs.org/canzone.php?id=2003&lang=en#agg259466,
aws-2003-agg3053,,,"Bella versione strumentale di Ani DiFranco con Utah Phillips,...",supporting-material,False,,2005-11-09,unreviewed-discovery,unassessed,https://www.antiwarsongs.org/canzone.php?id=2003&lang=en#agg3053,
aws-2003-agg266020,,,L'Internationale Baroque,supporting-material,False,,2019-09-13,unreviewed-discovery,unassessed,https://www.antiwarsongs.org/canzone.php?id=2003&lang=en#agg266020,
aws-2003-agg266024,,,L'Internazionale cantata da un islandese briaco come un tègolo,supporting-material,False,,2019-09-13,unreviewed-discovery,unassessed,https://www.antiwarsongs.org/canzone.php?id=2003&lang=en#agg266024,
aws-2003-agg285036,,,L'Internazionale in Buriato,supporting-material,False,,2023-05-23,unreviewed-discovery,unassessed,https://www.antiwarsongs.org/canzone.php?id=2003&lang=en#agg285036,
aws-2003-agg289156,,,L'Internazionale in lingua Gondi,supporting-material,False,,2024-10-20,unreviewed-discovery,unassessed,https://www.antiwarsongs.org/canzone.php?id=2003&lang=en#agg289156,
aws-2003-agg124727,,,L'INTERNAZIONALE: IL FILM DOCUMENTARIO,supporting-material,False,,2013-01-07,unreviewed-discovery,unassessed,https://www.antiwarsongs.org/canzone.php?id=2003&lang=en#agg124727,
aws-2003-agg124728,,,L'INTERNAZIONALE: IL FILM DOCUMENTARIO,supporting-material,False,,2013-01-07,unreviewed-discovery,unassessed,https://www.antiwarsongs.org/canzone.php?id=2003&lang=en#agg124728,
aws-2003-agg124611,,,COMUNICAZIONI DEGLI AMMINISTRATORI,supporting-material,False,,2013-01-03,unreviewed-discovery,unassessed,https://www.antiwarsongs.org/canzone.php?id=2003&lang=en#agg124611,
aws-2003-agg2070,,,L'INTERNAZIONALE SOTTO COPYRIGHT,supporting-material,False,,2005-06-13,unreviewed-discovery,unassessed,https://www.antiwarsongs.org/canzone.php?id=2003&lang=en#agg2070,
aws-2003-agg2324,,,"Ricordiamo che sulla stessa aria dell' ""Internazionale"" è stato,...",supporting-material,False,,2005-07-30,unreviewed-discovery,unassessed,https://www.antiwarsongs.org/canzone.php?id=2003&lang=en#agg2324,
aws-2003-agg2887,,,"La ""versione Hindi"" dell'Internazionale è stata appena rimossa ...",supporting-material,False,,2005-10-19,unreviewed-discovery,unassessed,https://www.antiwarsongs.org/canzone.php?id=2003&lang=en#agg2887,
aws-2003-agg79198,,,"Nella versione Yiddish, in caratteri ebraici, dell'Internazionale...",supporting-material,False,,2010-05-02,unreviewed-discovery,unassessed,https://www.antiwarsongs.org/canzone.php?id=2003&lang=en#agg79198,
aws-2003-agg93991,,,"The Chinese lyrics of L'Internationale is a little confusing,...",supporting-material,False,,2010-10-31,unreviewed-discovery,unassessed,https://www.antiwarsongs.org/canzone.php?id=2003&lang=en#agg93991,
aws-2003-agg94435,,,Some further information:,supporting-material,False,,2010-11-16,unreviewed-discovery,unassessed,https://www.antiwarsongs.org/canzone.php?id=2003&lang=en#agg94435,
aws-2003-agg94589,,,Special thanks should be addressed to mr Xu Jiayu for his invaluable...,supporting-material,False,,2010-11-22,unreviewed-discovery,unassessed,https://www.antiwarsongs.org/canzone.php?id=2003&lang=en#agg94589,
aws-2003-agg101150,,,"""non mi sembra ci sia, e come al solito ignoro quale sia la lingua""...",supporting-material,False,,2011-06-01,unreviewed-discovery,unassessed,https://www.antiwarsongs.org/canzone.php?id=2003&lang=en#agg101150,
aws-2003-agg106886,,,Strana sorte quella dei Pondii (i Greci che abitavano le rive...,supporting-material,False,,2011-11-13,unreviewed-discovery,unassessed,https://www.antiwarsongs.org/canzone.php?id=2003&lang=en#agg106886,
aws-2003-agg106904,,,Interessante davvero questa storia dei Pondii-carabinieri (o...,supporting-material,False,,2011-11-14,unreviewed-discovery,unassessed,https://www.antiwarsongs.org/canzone.php?id=2003&lang=en#agg106904,
aws-2003-agg106908,,,"Per ora no, Riccardo, συγχώρα με. Ma starò attento, se mai dovesse...",supporting-material,False,,2011-11-14,unreviewed-discovery,unassessed,https://www.antiwarsongs.org/canzone.php?id=2003&lang=en#agg106908,
aws-2003-agg106912,,,Per ora ho trovato questa nota su Rigas Gòlfis .,supporting-material,False,,2011-11-14,unreviewed-discovery,unassessed,https://www.antiwarsongs.org/canzone.php?id=2003&lang=en#agg106912,
aws-2003-agg106921,,,"Grazie, Gian Piero; sulla pagina dell'Internazionale in greco...",supporting-material,False,,2011-11-14,unreviewed-discovery,unassessed,https://www.antiwarsongs.org/canzone.php?id=2003&lang=en#agg106921,
aws-2003-agg124537,,,Bravo Cataldo: ora la segnalo a tutti i calabresi di mia conoscenza...,supporting-material,False,,2012-12-31,unreviewed-discovery,unassessed,https://www.antiwarsongs.org/canzone.php?id=2003&lang=en#agg124537,
aws-2003-agg124540,,,Anch'io mi unisco al ringraziamento a Cataldo per la traduzione...,supporting-material,False,,2012-12-31,unreviewed-discovery,unassessed,https://www.antiwarsongs.org/canzone.php?id=2003&lang=en#agg124540,
aws-2003-agg124543,,,"Allora è la pagina, io credevo che fosse impazzito il mio pc... ...",supporting-material,False,,2012-12-31,unreviewed-discovery,unassessed,https://www.antiwarsongs.org/canzone.php?id=2003&lang=en#agg124543,
aws-2003-agg124544,,,il mio suggerimento (che non piacerà a Riccardo) è di togliere...,supporting-material,False,,2012-12-31,unreviewed-discovery,unassessed,https://www.antiwarsongs.org/canzone.php?id=2003&lang=en#agg124544,
aws-2003-agg124545,,,"Infatti non mi piace per nulla, devo dirlo sinceramente. I video...",supporting-material,False,,2012-12-31,unreviewed-discovery,unassessed,https://www.antiwarsongs.org/canzone.php?id=2003&lang=en#agg124545,
aws-2003-agg124614,,,"AVVISO. A causa delle sue dimensioni enormi, la pagina è stata ...",supporting-material,False,,2013-01-03,unreviewed-discovery,unassessed,https://www.antiwarsongs.org/canzone.php?id=2003&lang=en#agg124614,
aws-2003-agg124618,,,Pour Marco Valdo M.I. : L' Internationale de Chanson Plus Bifluorée...,supporting-material,False,,2013-01-03,unreviewed-discovery,unassessed,https://www.antiwarsongs.org/canzone.php?id=2003&lang=en#agg124618,
aws-2003-agg133032,,,La ricostruzione della Sezione Yiddish tocca anche la versione...,supporting-material,False,,2013-06-08,unreviewed-discovery,unassessed,https://www.antiwarsongs.org/canzone.php?id=2003&lang=en#agg133032,
aws-2003-agg205172,,,La storia dell'Internazionale illustrata in due tavole di Olt,supporting-material,False,,2014-01-09,unreviewed-discovery,unassessed,https://www.antiwarsongs.org/canzone.php?id=2003&lang=en#agg205172,
aws-2003-agg228900,,,Solo mezz'ora fa ho tolto il cellophane da un libro che dormiva...,supporting-material,False,,2014-09-14,unreviewed-discovery,unassessed,https://www.antiwarsongs.org/canzone.php?id=2003&lang=en#agg228900,
aws-2003-agg241835,,,For Arisztíd.,supporting-material,False,,2015-07-02,unreviewed-discovery,unassessed,https://www.antiwarsongs.org/canzone.php?id=2003&lang=en#agg241835,
aws-2003-agg242823,,,Le origini dell'Internazionale nelle memorie dell'anarchico italiano Armando Borghi,supporting-material,False,,2015-08-22,unreviewed-discovery,unassessed,https://www.antiwarsongs.org/canzone.php?id=2003&lang=en#agg242823,
aws-2003-agg246174,,,L'INTERNAZIONALE PIU' INTERNAZIONALE DELLA STORIA,supporting-material,False,,2016-01-31,unreviewed-discovery,unassessed,https://www.antiwarsongs.org/canzone.php?id=2003&lang=en#agg246174,
aws-2003-agg245123,,,"40 secondi dell'internazionale cantata al funerale di Charb,...",supporting-material,False,,2015-12-20,unreviewed-discovery,unassessed,https://www.antiwarsongs.org/canzone.php?id=2003&lang=en#agg245123,
aws-2003-agg251323,,,I have found some videos of the Internationale in some languages...,supporting-material,False,,2016-09-10,unreviewed-discovery,unassessed,https://www.antiwarsongs.org/canzone.php?id=2003&lang=en#agg251323,
aws-2003-agg251333,,,The Greek version by Rigas Golfis is now included in its full...,supporting-material,False,,2016-09-10,unreviewed-discovery,unassessed,https://www.antiwarsongs.org/canzone.php?id=2003&lang=en#agg251333,
aws-2003-agg251373,,,Deletion of the so-called “Mordvan Version”,supporting-material,False,,2016-09-12,unreviewed-discovery,unassessed,https://www.antiwarsongs.org/canzone.php?id=2003&lang=en#agg251373,
aws-2003-agg253476,,,The Austrian German version you have matches the standard German...,supporting-material,False,,2017-02-01,unreviewed-discovery,unassessed,https://www.antiwarsongs.org/canzone.php?id=2003&lang=en#agg253476,
aws-2003-agg253953,,,Per Gianmarco Mereu.,supporting-material,False,,2017-03-06,unreviewed-discovery,unassessed,https://www.antiwarsongs.org/canzone.php?id=2003&lang=en#agg253953,
aws-2003-agg254652,,,"We have been trying to contact you, but it seems you have yet...",supporting-material,False,,2017-04-15,unreviewed-discovery,unassessed,https://www.antiwarsongs.org/canzone.php?id=2003&lang=en#agg254652,
aws-2003-agg254986,,,I'm the one who assembled the multilanguage video you have at...,supporting-material,False,,2017-05-11,unreviewed-discovery,unassessed,https://www.antiwarsongs.org/canzone.php?id=2003&lang=en#agg254986,
aws-2003-agg255247,,,"In addition to our last post, we have just uploaded a Maori version...",supporting-material,False,,2017-05-29,unreviewed-discovery,unassessed,https://www.antiwarsongs.org/canzone.php?id=2003&lang=en#agg255247,
aws-2003-agg255259,,,"Additionally, there seem to be mistakes in the Zulu lyrics, as...",supporting-material,False,,2017-05-30,unreviewed-discovery,unassessed,https://www.antiwarsongs.org/canzone.php?id=2003&lang=en#agg255259,
aws-2003-agg256021,,,Il nome del compositore/arrangiatore dell'Internazionale in sardo...,supporting-material,False,,2017-08-03,unreviewed-discovery,unassessed,https://www.antiwarsongs.org/canzone.php?id=2003&lang=en#agg256021,
aws-2003-agg260255,,,"Annuntio vobis che, dal 2016, l' Internazionale Latina è diventata...",supporting-material,False,,2018-07-06,unreviewed-discovery,unassessed,https://www.antiwarsongs.org/canzone.php?id=2003&lang=en#agg260255,
aws-2003-agg261222,,,On a website of ABVV (belgian trade union) I found this complete...,supporting-material,False,,2018-09-10,unreviewed-discovery,unassessed,https://www.antiwarsongs.org/canzone.php?id=2003&lang=en#agg261222,
aws-2003-agg262352,,,"The tongan version is translated from the french, with english...",supporting-material,False,,2018-11-30,unreviewed-discovery,unassessed,https://www.antiwarsongs.org/canzone.php?id=2003&lang=en#agg262352,
aws-2003-agg264837,,,The Young 'Uns hanno inserito nel loro album The Ballad of Johnny...,supporting-material,False,,2019-05-19,unreviewed-discovery,unassessed,https://www.antiwarsongs.org/canzone.php?id=2003&lang=en#agg264837,
aws-2003-agg265143,,,"Dear Arisztid,",supporting-material,False,,2019-06-04,unreviewed-discovery,unassessed,https://www.antiwarsongs.org/canzone.php?id=2003&lang=en#agg265143,
aws-2003-agg270560,,,Banda POPolare dell'Emilia Rossa 18- 3 -2020,supporting-material,False,,2020-03-19,unreviewed-discovery,unassessed,https://www.antiwarsongs.org/canzone.php?id=2003&lang=en#agg270560,
aws-2003-agg272501,,,"L'Internazionale di Franco Fortini interpretata da Alessio Lega,...",supporting-material,False,,2020-05-01,unreviewed-discovery,unassessed,https://www.antiwarsongs.org/canzone.php?id=2003&lang=en#agg272501,
aws-2003-agg274822,,,There is a comma mistake on the 6th row in the Tibetan version ...,supporting-material,False,,2020-09-04,unreviewed-discovery,unassessed,https://www.antiwarsongs.org/canzone.php?id=2003&lang=en#agg274822,
aws-2003-agg274827,,,@ Arisztid,supporting-material,False,,2020-09-05,unreviewed-discovery,unassessed,https://www.antiwarsongs.org/canzone.php?id=2003&lang=en#agg274827,
aws-2003-agg274860,,,@Riccardo Venturi,supporting-material,False,,2020-09-06,unreviewed-discovery,unassessed,https://www.antiwarsongs.org/canzone.php?id=2003&lang=en#agg274860,
aws-2003-agg274898,,,Cercando versioni particolari de L'Internazionale mi imbattei...,supporting-material,False,,2020-09-08,unreviewed-discovery,unassessed,https://www.antiwarsongs.org/canzone.php?id=2003&lang=en#agg274898,
aws-2003-agg274899,,,"Downtown Boys dal nuovo film di Susanna Nicchiarelli,",supporting-material,False,,2020-09-08,unreviewed-discovery,unassessed,https://www.antiwarsongs.org/canzone.php?id=2003&lang=en#agg274899,
aws-2003-agg275151,,,Da Rocco Rosignoli arriva una versione solo strumentale per tre...,supporting-material,False,,2020-09-29,unreviewed-discovery,unassessed,https://www.antiwarsongs.org/canzone.php?id=2003&lang=en#agg275151,
aws-2003-agg276315,,,based on the comment,supporting-material,False,,2020-12-19,unreviewed-discovery,unassessed,https://www.antiwarsongs.org/canzone.php?id=2003&lang=en#agg276315,
aws-2003-agg276324,,,Special thanks to Meint Terpstra for both additional Frisian...,supporting-material,False,,2020-12-20,unreviewed-discovery,unassessed,https://www.antiwarsongs.org/canzone.php?id=2003&lang=en#agg276324,
aws-2003-agg278052,,,Incredibile: il cinese è più simile all'italiano rispetto al...,supporting-material,False,,2021-05-17,unreviewed-discovery,unassessed,https://www.antiwarsongs.org/canzone.php?id=2003&lang=en#agg278052,
aws-2003-agg278091,,,Finally a Swahili version with YouTube video (Text in the video): {{video...,supporting-material,False,,2021-05-21,unreviewed-discovery,unassessed,https://www.antiwarsongs.org/canzone.php?id=2003&lang=en#agg278091,
aws-2003-agg279065,,,@ L. C. Habibi/El Patriota (Luis Carlos González Morales),supporting-material,False,,2021-10-12,unreviewed-discovery,unassessed,https://www.antiwarsongs.org/canzone.php?id=2003&lang=en#agg279065,
aws-2003-agg279080,,,@ Arisztid,supporting-material,False,,2021-10-13,unreviewed-discovery,unassessed,https://www.antiwarsongs.org/canzone.php?id=2003&lang=en#agg279080,
aws-2003-agg279085,Latin,la,Sono io il traduttore della versione latina № 2. Avevo tradotto...,translation-candidate,True,,2021-10-15,unreviewed-discovery,unassessed,https://www.antiwarsongs.org/canzone.php?id=2003&lang=en#agg279085,
aws-2003-agg279087,,,Arrangiamento dell'Internazionale per pianoforte in diverse versioni linguistiche,supporting-material,False,,2021-10-15,unreviewed-discovery,unassessed,https://www.antiwarsongs.org/canzone.php?id=2003&lang=en#agg279087,
aws-2003-agg279097,,,@ Scott Horne (P. Scotius Horne),supporting-material,False,,2021-10-15,unreviewed-discovery,unassessed,https://www.antiwarsongs.org/canzone.php?id=2003&lang=en#agg279097,
aws-2003-agg279112,,,La versione coreana № 1 è questa della parte nord del paese. Il...,supporting-material,False,,2021-10-16,unreviewed-discovery,unassessed,https://www.antiwarsongs.org/canzone.php?id=2003&lang=en#agg279112,
aws-2003-agg279113,,,@ Scott Horne,supporting-material,False,,2021-10-16,unreviewed-discovery,unassessed,https://www.antiwarsongs.org/canzone.php?id=2003&lang=en#agg279113,
aws-2003-agg280955,,,"In the description of KURDISH [2] it says ""Sorani"" is ""Syrian""....",supporting-material,False,,2022-05-17,unreviewed-discovery,unassessed,https://www.antiwarsongs.org/canzone.php?id=2003&lang=en#agg280955,
aws-2003-agg281963,,,"The first line of the Zulu version is wrong, not complete. It...",supporting-material,False,,2022-10-04,unreviewed-discovery,unassessed,https://www.antiwarsongs.org/canzone.php?id=2003&lang=en#agg281963,
aws-2003-agg281970,,,@ Arisztid,supporting-material,False,,2022-10-05,unreviewed-discovery,unassessed,https://www.antiwarsongs.org/canzone.php?id=2003&lang=en#agg281970,
aws-2003-agg281992,,,"Thear Ricardo,",supporting-material,False,,2022-10-06,unreviewed-discovery,unassessed,https://www.antiwarsongs.org/canzone.php?id=2003&lang=en#agg281992,
aws-2003-agg281998,,,@ Arisztid,supporting-material,False,,2022-10-07,unreviewed-discovery,unassessed,https://www.antiwarsongs.org/canzone.php?id=2003&lang=en#agg281998,
aws-2003-agg282001,English,en,The Internatiovania,translation-candidate,True,,2022-10-07,unreviewed-discovery,unassessed,https://www.antiwarsongs.org/canzone.php?id=2003&lang=en#agg282001,
aws-2003-agg282002,,,The Intertrousleonale [1],supporting-material,False,,2022-10-07,unreviewed-discovery,unassessed,https://www.antiwarsongs.org/canzone.php?id=2003&lang=en#agg282002,
aws-2003-agg282120,,,@ Aussie Minecrafter,supporting-material,False,,2022-10-19,unreviewed-discovery,unassessed,https://www.antiwarsongs.org/canzone.php?id=2003&lang=en#agg282120,
aws-2003-agg283635,,,trop bien,supporting-material,False,,2022-12-01,unreviewed-discovery,unassessed,https://www.antiwarsongs.org/canzone.php?id=2003&lang=en#agg283635,
aws-2003-agg283888,,,THE MEOWINTERNATIONALE - LA MIAONTERNAZIONALE,supporting-material,False,,2023-01-03,unreviewed-discovery,unassessed,https://www.antiwarsongs.org/canzone.php?id=2003&lang=en#agg283888,
aws-2003-agg285524,,,"@Dear Riccardo,",supporting-material,False,,2023-07-14,unreviewed-discovery,unassessed,https://www.antiwarsongs.org/canzone.php?id=2003&lang=en#agg285524,
aws-2003-agg285525,,,@ Boreč,supporting-material,False,,2023-07-14,unreviewed-discovery,unassessed,https://www.antiwarsongs.org/canzone.php?id=2003&lang=en#agg285525,
aws-2003-agg288966,,,@ Arisztid,supporting-material,False,,2024-09-23,unreviewed-discovery,unassessed,https://www.antiwarsongs.org/canzone.php?id=2003&lang=en#agg288966,
aws-2003-agg289036,,,@ Boreč (Songarchiver),supporting-material,False,,2024-10-04,unreviewed-discovery,unassessed,https://www.antiwarsongs.org/canzone.php?id=2003&lang=en#agg289036,
aws-2003-agg289041,,,@Riccardo Venturi,supporting-material,False,,2024-10-05,unreviewed-discovery,unassessed,https://www.antiwarsongs.org/canzone.php?id=2003&lang=en#agg289041,
aws-2003-agg289102,,,The Georgian 1 version (I've posted in 2007) contains some mistakes....,supporting-material,False,,2024-10-15,unreviewed-discovery,unassessed,https://www.antiwarsongs.org/canzone.php?id=2003&lang=en#agg289102,
aws-2003-agg289103,,,Unfortunatelly the Pashto version is not correct.,supporting-material,False,,2024-10-15,unreviewed-discovery,unassessed,https://www.antiwarsongs.org/canzone.php?id=2003&lang=en#agg289103,
aws-2003-agg289104,,,@ Arisztid,supporting-material,False,,2024-10-15,unreviewed-discovery,unassessed,https://www.antiwarsongs.org/canzone.php?id=2003&lang=en#agg289104,
aws-2003-agg289128,,,@ Arisztid,supporting-material,False,,2024-10-16,unreviewed-discovery,unassessed,https://www.antiwarsongs.org/canzone.php?id=2003&lang=en#agg289128,
aws-2003-agg289158,,,"Hi,",supporting-material,False,,2024-10-21,unreviewed-discovery,unassessed,https://www.antiwarsongs.org/canzone.php?id=2003&lang=en#agg289158,
aws-2003-agg290789,,,L'Internazionale antimilitarista,supporting-material,False,,2025-04-15,unreviewed-discovery,unassessed,https://www.antiwarsongs.org/canzone.php?id=2003&lang=en#agg290789,
aws-2003-agg290804,,,@ Paolo Rizzi,supporting-material,False,,2025-04-16,unreviewed-discovery,unassessed,https://www.antiwarsongs.org/canzone.php?id=2003&lang=en#agg290804,
aws-2003-agg291413,,,@ Arisztid,supporting-material,False,,2025-07-16,unreviewed-discovery,unassessed,https://www.antiwarsongs.org/canzone.php?id=2003&lang=en#agg291413,
aws-2003-agg291569,,,Per Riccardo Gullotta: Appello e chiamata per L’Intirnazziunali in siciliano,supporting-material,False,,2025-08-04,unreviewed-discovery,unassessed,https://www.antiwarsongs.org/canzone.php?id=2003&lang=en#agg291569,
aws-2003-agg291576,,,@Riccardo Venturi,supporting-material,False,,2025-08-05,unreviewed-discovery,unassessed,https://www.antiwarsongs.org/canzone.php?id=2003&lang=en#agg291576,
aws-2003-agg292335,,,Da 70 anni canto questo inno sacro del proletariato. Volevo segnalare...,supporting-material,False,,2025-10-24,unreviewed-discovery,unassessed,https://www.antiwarsongs.org/canzone.php?id=2003&lang=en#agg292335,
aws-2003-agg292341,,,@ Luigi Cadelli,supporting-material,False,,2025-10-25,unreviewed-discovery,unassessed,https://www.antiwarsongs.org/canzone.php?id=2003&lang=en#agg292341,
aws-2003-agg292484,,,"Only the first verse of the Sovietic Uzbek version of ""The Internationale""...",supporting-material,False,,2025-11-09,unreviewed-discovery,unassessed,https://www.antiwarsongs.org/canzone.php?id=2003&lang=en#agg292484,
aws-2003-agg294239,,,I've used this collection to put together a poster for my brother's...,supporting-material,False,,2026-03-28,unreviewed-discovery,unassessed,https://www.antiwarsongs.org/canzone.php?id=2003&lang=en#agg294239,
aws-2003-agg294661,,,@ Scott Horne,supporting-material,False,,2026-05-05,unreviewed-discovery,unassessed,https://www.antiwarsongs.org/canzone.php?id=2003&lang=en#agg294661,
aws-2003-agg294662,,,@ Patrick,supporting-material,False,,2026-05-05,unreviewed-discovery,unassessed,https://www.antiwarsongs.org/canzone.php?id=2003&lang=en#agg294662,
aws-2003-agg295692,,,"Tigerɣlanit. Il testo è introvabile in Rete: se qualcuno riuscisse a trovarlo e renderlo disponibile, gliene saremmo grati.",supporting-material,False,,2026-08-31,unreviewed-discovery,unassessed,https://www.antiwarsongs.org/canzone.php?id=2003&lang=en#agg295692,
aws-2003-agg296074,,,@ Anonymouse,supporting-material,False,,2026-09-29,unreviewed-discovery,unassessed,https://www.antiwarsongs.org/canzone.php?id=2003&lang=en#agg296074,
